Document,Title,Type,Organization,Org Abbreviation,Statement.Year,Statement.Month,Statement.Day,Statement.Individual,Retrieval Date (YYMMDD),url or source
120202 (MB) Statement,,Statement,Syrian Muslim Brotherhood,SMB,12,2,2,,161215,
120226 (MB) Statement,,Statement,Syrian Muslim Brotherhood,SMB,12,2,26,,161215,URL: web.archive.org/web/20130605081317/http://www.ikhwansyria.com/Portals/Content/?Name=%D9%81%D8%B1%D9%82%20%D8%A7%D9%84%D9%82%D8%AA%D9%84%20%D8%A7%D9%84%D8%A3%D8%B3%D8%AF%D9%8A%D8%A9%20%D9%81%D9%8A%20%D9%85%D8%AC%D8%A7%D8%B2%D8%B1%20%D8%A8%D8%A7%D8%A8%D8%A7%20%D8%B9%D9%85%D8%B1%D9%88%20..%20%D8%A7%D9%84%D8%B0%D8%A8%D8%AD%20%20%D8%A8%D8%A7%D9%84%D8%B3%D9%83%D9%8A%D9%86%20%D8%B9%D9%84%D9%89%20%D8%A7%D9%84%D9%87%D9%88%D9%8A%D8%A9..%202722012&info=YVdROU16QTRNemttYzI5MWNtTmxQVk4xWWxCaFoyVW1kSGx3WlQweEpuaHRiR2xrUFNZPSt1.Syr
120310 (MB) Statement,,Statement,Syrian Muslim Brotherhood,SMB,12,3,10,,161215,URL: web.archive.org/web/20130605073936/http://www.ikhwansyria.com/Portals/Content/?Name=%D8%A7%D9%84%D8%A8%D9%8A%D8%A7%D9%86%20%D8%A7%D9%84%D8%AE%D8%AA%D8%A7%D9%85%D9%8A%20%D9%84%D9%85%D8%AC%D9%84%D8%B3%20%D8%B4%D9%88%D8%B1%D9%89%20%D8%AC%D9%85%D8%A7%D8%B9%D8%A9%20%D8%A7%D9%84%D8%A5%D8%AE%D9%88%D8%A7%D9%86%20%D8%A7%D9%84%D9%85%D8%B3%D9%84%D9%85%D9%8A%D9%86%20%D9%81%D9%8A%20%D8%B3%D9%88%D8%B1%D9%8A%D8%A9..%201032012&info=YVdROU16QTRNemdtYzI5MWNtTmxQVk4xWWxCaFoyVW1kSGx3WlQweEpuaHRiR2xrUFNZPSt1.Syr
120417 (MB) Statement,,Statement,Syrian Muslim Brotherhood,SMB,12,4,17,,161215,URL: web.archive.org/web/20130605014717/http://www.ikhwansyria.com/Portals/Content/?Name=%D9%83%D9%85%D8%A7%20%D8%B5%D9%86%D8%B9%D9%86%D8%A7%20%D8%A7%D9%84%D8%AC%D9%84%D8%A7%D8%A1%20%D8%A7%D9%84%D8%A3%D9%88%D9%84..%20%D9%85%D8%B9%D8%A7%D9%8B%20%D9%86%D8%B5%D9%86%D8%B9%20%D8%A7%D9%84%D8%AC%D9%84%D8%A7%D8%A1%20%D8%A7%D9%84%D8%AB%D8%A7%D9%86%D9%8A..%201742012&info=YVdROU16QTNPVFVtYzI5MWNtTmxQVk4xWWxCaFoyVW1kSGx3WlQweEpuaHRiR2xrUFNZPSt1.Syr
120512 (MB) Statement,,Statement,Syrian Muslim Brotherhood,SMB,12,5,12,,161215,URL: web.archive.org/web/20130605020506/http://www.ikhwansyria.com/Portals/Content/?Name=%D8%AF%D8%B9%D9%88%D8%A9%20%D8%A7%D9%84%D9%85%D8%AC%D8%AA%D9%85%D8%B9%20%D8%A7%D9%84%D8%AF%D9%88%D9%84%D9%8A%20%D8%A5%D9%84%D9%89%20%D9%85%D9%88%D8%A7%D8%AC%D9%87%D8%A9%20%D8%A7%D9%84%D8%AD%D9%82%D9%8A%D9%82%D8%A9%20%D9%81%D9%8A%20%D8%B3%D9%88%D8%B1%D9%8A%D8%A9..%201252012&info=YVdROU16QTNPVFltYzI5MWNtTmxQVk4xWWxCaFoyVW1kSGx3WlQweEpuaHRiR2xrUFNZPSt1.Syr
120720 (MB) Statement,,Statement,Syrian Muslim Brotherhood,SMB,12,7,20,,161215,URL: web.archive.org/web/20130605134319/http://www.ikhwansyria.com/Portals/Content/?Name=%D8%AA%D8%BA%D9%8A%D8%A8%20%D8%A7%D9%84%D8%B3%D9%84%D8%B7%D8%A9%20%D9%88%D8%AA%D8%AD%D8%B6%D8%B1%20%D8%A7%D9%84%D8%AA%D9%82%D9%88%D9%89%20...%20%20%D9%86%D8%AF%D8%A7%D8%A1%20%D8%A5%D9%84%D9%89%20%D8%B4%D8%B9%D8%A8%D9%86%D8%A7%20%D8%A7%D9%84%D8%B3%D9%88%D8%B1%D9%8A%20%D8%A7%D9%84%D8%AD%D8%B1%20%D8%A7%D9%84%D8%A3%D8%A8%D9%8A%202072012&info=YVdROU16QTRNRFFtYzI5MWNtTmxQVk4xWWxCaFoyVW1kSGx3WlQweEpuaHRiR2xrUFNZPSt1.Syr
120804 (MB) Statement,,Statement,Syrian Muslim Brotherhood,SMB,12,8,4,,161215,URL: web.archive.org/web/20130605115556/http://www.ikhwansyria.com/Portals/Content/?Name=%D9%82%D9%88%D9%84%20%D8%A8%D8%A7%D9%86%20%D9%83%D9%8A%D9%85%D9%88%D9%86%20:%20%D8%AD%D8%B1%D8%A8%20%D8%A8%D8%A7%D9%84%D9%88%D9%83%D8%A7%D9%84%D8%A9%20%D8%A5%D9%87%D8%A7%D9%86%D8%A9%20%D9%84%D8%B4%D8%B9%D8%A8%20%D8%B3%D9%88%D8%B1%D9%8A%D8%A9%20%D8%A7%D9%84%D8%B9%D8%B8%D9%8A%D9%85%20..%20482012&info=YVdROU16QTRNRFltYzI5MWNtTmxQVk4xWWxCaFoyVW1kSGx3WlQweEpuaHRiR2xrUFNZPSt1.Syr
120806 (MB) Statement,,Statement,Syrian Muslim Brotherhood,SMB,12,8,6,,161215,URL: web.archive.org/web/20130605140317/http://www.ikhwansyria.com/Portals/Content/?Name=%D8%AA%D8%B1%D8%AD%D9%8A%D8%A8%20%D8%A8%D8%A7%D9%86%D8%B4%D9%82%D8%A7%D9%82%20%D8%B1%D8%A6%D9%8A%D8%B3%20%D8%A7%D9%84%D9%88%D8%B2%D8%B1%D8%A7%D8%A1%20%D8%A7%D9%84%D8%B3%D9%88%D8%B1%D9%8A%20..%20%20%D9%84%D9%8A%D9%83%D9%86%20%D8%B1%D9%8A%D8%A7%D8%B6%20%D8%AD%D8%AC%D8%A7%D8%A8%20%D9%82%D8%AF%D9%88%D8%A9%20%D8%B1%D8%AC%D8%A7%D9%84%20%D8%A7%D9%84%D8%AF%D9%88%D9%84%D8%A9%20....%20682012&info=YVdROU16QTRNRGNtYzI5MWNtTmxQVk4xWWxCaFoyVW1kSGx3WlQweEpuaHRiR2xrUFNZPSt1.Syr
120810 (MB) Statement,,Statement,Syrian Muslim Brotherhood,SMB,12,8,10,,161215,URL: web.archive.org/web/20130605110746/http://www.ikhwansyria.com/Portals/Content/?Name=%D8%AD%D9%88%D9%84%20%D8%A7%D9%84%D8%AA%D8%AC%D8%AF%D9%8A%D8%AF%20%D9%84%D9%85%D8%A8%D8%A7%D8%AF%D8%B1%D8%A9%20%D9%83%D9%88%D9%81%D9%8A%20%D8%B9%D9%86%D8%A7%D9%86%20%D8%A7%D9%84%D9%85%D9%8A%D8%AA%D8%A9%20%D9%88%D8%AA%D9%83%D9%84%D9%8A%D9%81%20%D8%A7%D9%84%D8%A3%D8%AE%D8%B6%D8%B1%20%D8%A7%D9%84%D8%A5%D8%A8%D8%B1%D8%A7%D9%87%D9%8A%D9%85%D9%8A%20%D8%A8%D8%AF%D9%8A%D9%84%D8%A7%20%D9%84%D9%87..%201082012&info=YVdROU16QTROVEltYzI5MWNtTmxQVk4xWWxCaFoyVW1kSGx3WlQweEpuaHRiR2xrUFNZPSt1.Syr
120901 (MB) Statement,,Statement,Syrian Muslim Brotherhood,SMB,12,9,1,,161215,URL: web.archive.org/web/20130605132119/http://www.ikhwansyria.com/Portals/Content/?Name=%D8%B4%D9%87%D8%B1%20%D8%B5%D9%88%D9%85%D9%86%D8%A7%20%D8%B4%D9%87%D8%B1%20%D9%86%D8%B5%D8%B1%D9%86%D8%A7%20%D8%A5%D9%86%20%D8%B4%D8%A7%D8%A1%20%D8%A7%D9%84%D9%84%D9%87%20%20%D8%A3%D9%8A%D9%87%D8%A7%20%D8%A7%D9%84%D8%B5%D8%A7%D8%A6%D9%85%D9%88%D9%86%20%20%D8%A8%D9%88%D8%B1%D9%83%20%D8%B5%D9%88%D9%85%D9%83%D9%85%20-%20%D8%A8%D9%88%D8%B1%D9%83%20%D8%AC%D9%87%D8%A7%D8%AF%D9%83%D9%85%20%E2%80%93%20%D8%A8%D9%88%D8%B1%D9%83%20%D9%86%D8%B5%D8%B1%D9%83%D9%85%20..%2029%20%D8%B4%D8%B9%D8%A8%D8%A7%D9%86%20%E2%80%93%201433%20&info=YVdROU16QTRNRFVtYzI5MWNtTmxQVk4xWWxCaFoyVW1kSGx3WlQweEpuaHRiR2xrUFNZPSt1.Syr
120923 (MB) Statement,,Statement,Syrian Muslim Brotherhood,SMB,12,9,23,,161215,URL: web.archive.org/web/20130605144344/http://www.ikhwansyria.com/Portals/Content/?Name=%D8%A8%D9%8A%D8%A7%D9%86%20%D8%B5%D8%AD%D9%81%D9%8A%20%D9%85%D9%86%20%D8%AC%D9%85%D8%A7%D8%B9%D8%A9%20%D8%A7%D9%84%D8%A5%D8%AE%D9%88%D8%A7%D9%86%20%D8%A7%D9%84%D9%85%D8%B3%D9%84%D9%85%D9%8A%D9%86%20%D9%81%D9%8A%20%D8%B3%D9%88%D8%B1%D9%8A%D8%A9%20%D8%AD%D9%88%D9%84%20%D8%AA%D8%B5%D8%B1%D9%8A%D8%AD%D8%A7%D8%AA%20%D8%B9%D9%84%D9%8A%20%D9%84%D8%A7%D8%B1%D9%8A%D8%AC%D8%A7%D9%86%D9%8A..%202392012&info=YVdROU16RXlPVGNtYzI5MWNtTmxQVk4xWWxCaFoyVW1kSGx3WlQweEpuaHRiR2xrUFNZPSt1.Syr
121008 (MB) Statement,,Statement,Syrian Muslim Brotherhood,SMB,12,10,8,,161215,URL: web.archive.org/web/20130820033834/http://ikhwansyria.com/Portals/Content/?Name=%D8%A7%D9%84%D8%B4%D8%A7%D8%B0%D9%84%D9%8A%20%D8%A8%D9%86%20%D8%AC%D8%AF%D9%8A%D8%AF%20%D9%81%D9%8A%20%D8%B0%D9%85%D8%A9%20%D8%A7%D9%84%D9%84%D9%87&info=YVdROU16RTJOVEltYzI5MWNtTmxQVk4xWWxCaFoyVW1kSGx3WlQweEpuaHRiR2xrUFNZPSt1.Syr
121102 (MB) Statement,,Statement,Syrian Muslim Brotherhood,SMB,12,11,2,,161215,URL: web.archive.org/web/20130819235310/http://ikhwansyria.com/Portals/Content/?Name=%D8%AD%D9%88%D9%84%20%D9%84%D9%82%D8%A7%D8%A1%20%D8%B9%D9%85%D9%91%D8%A7%D9%86%20%D8%A7%D9%84%D8%AA%D8%B4%D8%A7%D9%88%D8%B1%D9%8A%20-%2002112012&info=YVdROU16SXlNREVtYzI5MWNtTmxQVk4xWWxCaFoyVW1kSGx3WlQweEpuaHRiR2xrUFNZPSt1.Syr
121125 (MB) Statement,,Statement,Syrian Muslim Brotherhood,SMB,12,11,25,,161215,URL: web.archive.org/web/20130820024746/http://ikhwansyria.com/Portals/Content/?Name=%D8%AD%D9%88%D9%84%20%D8%A8%D9%86%D9%88%D8%AF%20%D8%A7%D8%AA%D9%81%D8%A7%D9%82%20%D8%A7%D9%84%D8%AF%D9%88%D8%AD%D8%A9%20%D8%A7%D9%84%D9%85%D8%B2%D8%B9%D9%88%D9%85%20&info=YVdROU16STNNRGNtYzI5MWNtTmxQVk4xWWxCaFoyVW1kSGx3WlQweEpuaHRiR2xrUFNZPSt1.Syr
121204 (MB) Statement,,Statement,Syrian Muslim Brotherhood,SMB,12,12,4,,161215,URL: web.archive.org/web/20130819235626/http://ikhwansyria.com/Portals/Content/?Name=%D8%B4%D8%B9%D8%A8%D9%86%D8%A7%20%D9%8A%D9%86%D8%AA%D8%B8%D8%B1%20%D9%85%D9%86%D8%B9%20%D8%A7%D9%84%D8%AC%D8%B1%D9%8A%D9%85%D8%A9%20%D9%84%D8%A7%20%D8%A7%D9%84%D8%B9%D9%82%D9%88%D8%A8%D8%A9%20%D8%B9%D9%84%D9%8A%D9%87%D8%A7&info=YVdROU16STRPREFtYzI5MWNtTmxQVk4xWWxCaFoyVW1kSGx3WlQweEpuaHRiR2xrUFNZPSt1.Syr
121211 (MB) Statement,,Statement,Syrian Muslim Brotherhood,SMB,12,12,11,,161215,URL: web.archive.org/web/20131109204025/http://ikhwansyria.com/Portals/Content/?Name=%D8%A7%D9%84%D8%A5%D8%B1%D9%87%D8%A7%D8%A8%20%D8%B3%D9%84%D9%88%D9%83%20%D9%88%D9%84%D9%8A%D8%B3%20%D9%87%D9%88%D9%8A%D8%A9%20%D9%88%D8%A8%D8%B4%D8%A7%D8%B1%20%D8%A7%D9%84%D8%A3%D8%B3%D8%AF%20%D9%87%D9%88%20%D8%A7%D9%84%D8%A5%D8%B1%D9%87%D8%A7%D8%A8%D9%8A%20%D8%A7%D9%84%D9%88%D8%AD%D9%8A%D8%AF%20%D8%B9%D9%84%D9%89%20%D8%A7%D9%84%D8%A3%D8%B1%D8%B6%20%D8%A7%D9%84%D8%B3%D9%88%D8%B1%D9%8A%D8%A9&info=YVdROU16TXdOamdtYzI5MWNtTmxQVk4xWWxCaFoyVW1kSGx3WlQweEpuaHRiR2xrUFNZPSt1.Syr
121225 (MB) Statement,,Statement,Syrian Muslim Brotherhood,SMB,12,12,25,,161215,URL: web.archive.org/web/20131109200217/http://ikhwansyria.com/Portals/Content/?Name=%D8%A7%D9%84%D8%A5%D8%A8%D8%B1%D8%A7%D9%87%D9%8A%D9%85%D9%8A%20%D9%88%D8%B5%D9%84..%20%D8%AD%D9%84%D9%81%D8%A7%D9%8A%D8%A7%20%D8%A7%D9%84%D8%AF%D9%85%20%D8%B9%D9%86%20%D9%8A%D9%85%D9%8A%D9%86%D9%87..%20%D9%88%D8%A7%D9%84%D8%BA%D8%A7%D8%B2%D8%A7%D8%AA%20%D8%A7%D9%84%D9%82%D8%A7%D8%AA%D9%84%D8%A9%20%D8%B9%D9%86%20%D8%B4%D9%85%D8%A7%D9%84%D9%87..%20%D9%88%D8%A7%D9%84%D8%AA%D9%82%D8%B1%D9%8A%D8%B1%20%D8%A7%D9%84%D8%AD%D9%82%D9%88%D9%82%D9%8A%20%D8%BA%D9%8A%D8%B1%20%D8%A7%D9%84%D9%85%D9%87%D9%86%D9%8A%20%D8%A8%D9%8A%D9%86%20%D9%8A%D8%AF%D9%8A%D9%87&info=YVdROU16TXpNVFltYzI5MWNtTmxQVk4xWWxCaFoyVW1kSGx3WlQweEpuaHRiR2xrUFNZPSt1.Syr
130106 (MB) Statement,,Statement,Syrian Muslim Brotherhood,SMB,13,1,6,,161215,
130109 (MB) Statement,,Statement,Syrian Muslim Brotherhood,SMB,13,1,9,,161215,URL: web.archive.org/web/20131110003258/http://ikhwansyria.com/Portals/Content/?Name=%D8%A8%D8%B4%D8%A7%D8%B1%20%D8%A7%D9%84%D8%A3%D8%B3%D8%AF%20%D8%A3%D9%86%D8%AA%20-%D9%88%D9%84%D9%8A%D8%B3%20%D9%85%D8%A8%D8%A7%D8%AF%D8%B1%D8%AA%D9%83%20%D9%81%D9%82%D8%B7-%20%D9%84%D8%A7%20%D8%AA%D8%B9%D9%86%D9%8A%D9%86%D8%A7&info=YVdROU16TTBPRGdtYzI5MWNtTmxQVk4xWWxCaFoyVW1kSGx3WlQweEpuaHRiR2xrUFNZPSt1.Syr
130109b (MB) Statement,,Statement,Syrian Muslim Brotherhood,SMB,13,1,9,,161215,URL: web.archive.org/web/20130819200650/http://ikhwansyria.com/Portals/Content/?Name=%D8%A7%D9%84%D8%A8%D9%8A%D8%A7%D9%86%20%D8%A7%D9%84%D8%AE%D8%AA%D8%A7%D9%85%D9%8A%20%D9%84%D9%85%D8%AC%D9%84%D8%B3%20%D8%B4%D9%88%D8%B1%D9%89%20%D8%AC%D9%85%D8%A7%D8%B9%D8%A9%20%D8%A7%D9%84%D8%A5%D8%AE%D9%88%D8%A7%D9%86%20%D8%A7%D9%84%D9%85%D8%B3%D9%84%D9%85%D9%8A%D9%86%20%D9%81%D9%8A%20%D8%B3%D9%88%D8%B1%D9%8A%D8%A9&info=YVdROU16TTFOVE1tYzI5MWNtTmxQVk4xWWxCaFoyVW1kSGx3WlQweEpuaHRiR2xrUFNZPSt1.Syr
130111 (MB) Statement,,Statement,Syrian Muslim Brotherhood,SMB,13,1,11,,161215,URL: web.archive.org/web/20131110002724/http://ikhwansyria.com/Portals/Content/?Name=%D9%85%D8%B9%D8%A7%D9%86%D8%A7%D8%A9%20%D8%A7%D9%84%D8%B3%D9%88%D8%B1%D9%8A%D9%8A%D9%86%20%D8%A7%D9%84%D8%A5%D9%86%D8%B3%D8%A7%D9%86%D9%8A%D8%A9%20%D8%B3%D9%8A%D8%A7%D8%B3%D8%A7%D8%AA%20%D9%8A%D8%B5%D8%B9%D8%A8%20%D9%81%D9%87%D9%85%D9%87%D8%A7%20%D9%88%D9%8A%D8%B5%D8%B9%D8%A8%20%D8%AA%D9%81%D8%B3%D9%8A%D8%B1%D9%87%D8%A7&info=YVdROU16TTFOVEFtYzI5MWNtTmxQVk4xWWxCaFoyVW1kSGx3WlQweEpuaHRiR2xrUFNZPSt1.Syr
130116 (MB) Statement,,Statement,Syrian Muslim Brotherhood,SMB,13,1,16,,161215,URL: web.archive.org/web/20131109235503/http://ikhwansyria.com/Portals/Content/?Name=%D8%AC%D9%85%D8%A7%D8%B9%D8%A9%20%D8%A7%D9%84%D8%A5%D8%AE%D9%88%D8%A7%D9%86%20%D8%A7%D9%84%D9%85%D8%B3%D9%84%D9%85%D9%8A%D9%86%20%D9%81%D9%8A%20%D8%B3%D9%88%D8%B1%D9%8A%D8%A9%20%D8%AA%D9%86%D8%A7%D8%B4%D8%AF%20%D8%A7%D9%84%D8%A3%D8%B7%D8%A8%D8%A7%D8%A1%20%D8%A7%D9%84%D8%B9%D8%B1%D8%A8%20%D9%88%D8%A7%D9%84%D9%85%D8%B3%D9%84%D9%85%D9%8A%D9%86%20%D9%88%D8%A3%D8%B7%D8%A8%D8%A7%D8%A1%20%D8%A7%D9%84%D8%B9%D8%A7%D9%84%D9%85%20%D8%A7%D9%84%D9%85%D8%A8%D8%A7%D8%AF%D8%B1%D8%A9%20%D9%84%D8%B3%D8%AF%20%D8%A7%D9%84%D8%AB%D8%BA%D8%B1%D8%A9%20%D8%A7%D9%84%D8%A5%D9%86%D8%B3%D8%A7%D9%86%D9%8A%D8%A9%20%D9%81%D9%8A%20%D8%B3%D9%88%D8%B1%D9%8A%D8%A9&info=YVdROU16TTFPREltYzI5MWNtTmxQVk4xWWxCaFoyVW1kSGx3WlQweEpuaHRiR2xrUFNZPSt1.Syr
130123 (MB) Statement,,Statement,Syrian Muslim Brotherhood,SMB,13,1,23,,161215,URL: web.archive.org/web/20131109224107/http://ikhwansyria.com/Portals/Content/?Name=%D8%AC%D8%B1%D9%8A%D9%85%D8%A9%20%D8%B0%D8%A7%D8%AA%20%D8%AB%D9%84%D8%A7%D8%AB%20%D8%B4%D8%B9%D8%A8:%20%D8%AC%D8%A7%D9%85%D8%B9%D8%A9%20%D8%AD%D9%84%D8%A8-%20%D9%88%D8%AD%D8%B5%D9%88%D9%8A%D8%A9%20%D8%AD%D9%85%D8%B5-%20%D9%88%D9%85%D8%AC%D9%84%D8%B3%20%D8%A7%D9%84%D8%A3%D9%85%D9%86%20%D8%A7%D9%84%D8%AF%D9%88%D9%84%D9%8A&info=YVdROU16TTJPVEltYzI5MWNtTmxQVk4xWWxCaFoyVW1kSGx3WlQweEpuaHRiR2xrUFNZPSt1.Syr
130130 (MB) Statement,,Statement,Syrian Muslim Brotherhood,SMB,13,1,30,,161215,URL: web.archive.org/web/20131109194953/http://ikhwansyria.com/Portals/Content/?Name=%D8%AD%D9%88%D9%84%20%D8%AA%D9%81%D8%AC%D9%8A%D8%B1%20%D8%A7%D9%84%D8%B3%D9%84%D9%85%D9%8A%D8%A9%20%D9%88%D8%A2%D8%AB%D8%A7%D8%B1%D9%87%20%D8%A7%D9%84%D9%81%D8%A7%D8%AC%D8%B9%D8%A9&info=YVdROU16TTRNakltYzI5MWNtTmxQVk4xWWxCaFoyVW1kSGx3WlQweEpuaHRiR2xrUFNZPSt1.Syr
130131  (MB) Statement,,Statement,Syrian Muslim Brotherhood,SMB,13,1,31,,161215,URL: web.archive.org/web/20131110031929/http://ikhwansyria.com/Portals/Content/?Name=%D9%87%D9%84%20%D8%A8%D8%B9%D8%AF%20%D8%A5%D8%B1%D9%87%D8%A7%D8%A8%20%D8%A8%D8%B4%D8%A7%D8%B1%20%D9%88%D8%A3%D8%A8%D9%8A%D9%87%20%D8%A5%D8%B1%D9%87%D8%A7%D8%A8!%20%D9%81%D9%8A%20%D8%B0%D9%83%D8%B1%D9%89%20%D9%85%D8%AC%D8%B2%D8%B1%D8%A9%20%D8%AD%D9%85%D8%A7%D8%A9..%20%D9%88%D9%85%D9%86%20%D9%85%D8%AC%D8%B2%D8%B1%D8%A9%20%D8%B3%D8%AC%D9%86%20%D8%AA%D8%AF%D9%85%D8%B1%20%D8%A5%D9%84%D9%89%20%D9%85%D8%AC%D8%A7%D8%B2%D8%B1%20%D8%B3%D8%AC%D9%88%D9%86%20%D8%A7%D9%84%D9%8A%D9%88%D9%85..&info=YVdROU16TTVNelFtYzI5MWNtTmxQVk4xWWxCaFoyVW1kSGx3WlQweEpuaHRiR2xrUFNZPSt1.Syr
130201 (MB) Statement,,Statement,Syrian Muslim Brotherhood,SMB,13,2,1,,161215,URL: web.archive.org/web/20130819225841/http://ikhwansyria.com/Portals/Content/?Name=%D8%AD%D9%88%D9%84%20%D9%85%D8%A4%D8%AA%D9%85%D8%B1%20%D8%A7%D9%84%D9%85%D8%A7%D9%86%D8%AD%D9%8A%D9%86%20%D9%81%D9%8A%20%D8%A7%D9%84%D9%83%D9%88%D9%8A%D8%AA..%20%D8%A3%D9%8A%D9%87%D8%A7%20%D8%A7%D9%84%D9%85%D8%A7%D9%86%D8%AD%20%D8%A7%D9%84%D9%83%D8%B1%D9%8A%D9%85%20%D8%A7%D8%B9%D8%B1%D9%81%20%D8%A3%D9%8A%D9%86%20%D8%AA%D9%82%D8%B9%20%D9%85%D9%86%D8%AD%D8%AA%D9%83&info=YVdROU16TTVOalFtYzI5MWNtTmxQVk4xWWxCaFoyVW1kSGx3WlQweEpuaHRiR2xrUFNZPSt1.Syr
130207 (MB) Statement,,Statement,Syrian Muslim Brotherhood,SMB,13,2,7,,161215,URL: web.archive.org/web/20131109232331/http://ikhwansyria.com/Portals/Content/?Name=%D8%AA%D8%B5%D8%B1%D9%8A%D8%AD%20%D8%A5%D8%B9%D9%84%D8%A7%D9%85%D9%8A%20%D8%AD%D9%88%D9%84%20%D8%A7%D9%84%D9%87%D8%AC%D9%88%D9%85%20%D8%A7%D9%84%D8%A5%D8%B3%D8%B1%D8%A7%D8%A6%D9%8A%D9%84%D9%8A%20%D8%B9%D9%84%D9%89%20%D8%A7%D9%84%D8%A3%D8%B1%D8%A7%D8%B6%D9%8A%20%D8%A7%D9%84%D8%B3%D9%88%D8%B1%D9%8A%D8%A9&info=YVdROU16TTVPRE1tYzI5MWNtTmxQVk4xWWxCaFoyVW1kSGx3WlQweEpuaHRiR2xrUFNZPSt1.Syr
130312 (MB) Statement,,Statement,Syrian Muslim Brotherhood,SMB,13,3,12,,161215,URL: web.archive.org/web/20131110041445/http://ikhwansyria.com/Portals/Content/?Name=%D8%AA%D8%AC%D8%AF%D9%8A%D8%AF%20%D9%85%D9%8A%D8%AB%D8%A7%D9%82%20%D8%A7%D9%84%D8%A8%D8%B1%20%D9%88%D8%A7%D9%84%D9%88%D9%81%D8%A7%D8%A1&info=YVdROU16UXhNVGdtYzI5MWNtTmxQVk4xWWxCaFoyVW1kSGx3WlQweEpuaHRiR2xrUFNZPSt1.Syr
130316 (MB) Statement,,Statement,Syrian Muslim Brotherhood,SMB,13,3,16,,161215,URL: web.archive.org/web/20131109231713/http://ikhwansyria.com/Portals/Content/?Name=%D9%86%D8%AF%D8%A7%D8%A1%20%D9%85%D9%86%20%D8%AC%D9%85%D8%A7%D8%B9%D8%A9%20%D8%A7%D9%84%D8%A5%D8%AE%D9%88%D8%A7%D9%86%20%D8%A7%D9%84%D9%85%D8%B3%D9%84%D9%85%D9%8A%D9%86%20%D9%81%D9%8A%20%D8%B3%D9%88%D8%B1%D9%8A%D8%A9%20%20%D9%84%D8%A5%D8%AD%D9%8A%D8%A7%D8%A1%20%D8%A7%D9%84%D8%B0%D9%83%D8%B1%D9%89%20%D8%A7%D9%84%D8%B3%D9%86%D9%88%D9%8A%D8%A9%20%D8%A7%D9%84%D8%AB%D8%A7%D9%86%D9%8A%D8%A9%20%D9%84%D8%A7%D9%86%D8%B7%D9%84%D8%A7%D9%82%D8%A9%20%D8%A7%D9%84%D8%AB%D9%88%D8%B1%D8%A9%20%D8%A7%D9%84%D8%B3%D9%88%D8%B1%D9%8A%D8%A9%20%D8%A7%D9%84%D9%85%D8%A8%D8%A7%D8%B1%D9%83%D8%A9&info=YVdROU16UTJOVGttYzI5MWNtTmxQVk4xWWxCaFoyVW1kSGx3WlQweEpuaHRiR2xrUFNZPSt1.Syr
130322 (MB) Statement,,Statement,Syrian Muslim Brotherhood,SMB,13,3,22,,161215,URL: web.archive.org/web/20131109200327/http://ikhwansyria.com/Portals/Content/?Name=%D8%B5%D8%AD%D9%8A%D9%81%D8%A9%20%D8%A8%D8%B1%20%D9%88%D9%88%D9%81%D8%A7%D8%A1%20..%20%D9%88%D8%AB%D9%8A%D9%82%20%D8%A7%D9%84%D8%B9%D9%87%D8%AF%20%D9%85%D8%B9%20%D8%A7%D9%84%D8%A3%D8%B4%D9%82%D8%A7%D8%A1%20%D8%A7%D9%84%D9%81%D9%84%D8%B3%D8%B7%D9%8A%D9%86%D9%8A%D9%8A%D9%86%20%D8%B9%D9%84%D9%89%20%D8%A7%D9%84%D8%A3%D8%B1%D8%B6%20%D8%A7%D9%84%D8%B3%D9%88%D8%B1%D9%8A%D8%A9&info=YVdROU16UTNNRE1tYzI5MWNtTmxQVk4xWWxCaFoyVW1kSGx3WlQweEpuaHRiR2xrUFNZPSt1.Syr
130411 (MB) Statement,,Statement,Syrian Muslim Brotherhood,SMB,13,4,11,,161215,URL: web.archive.org/web/20131110002709/http://ikhwansyria.com/Portals/Content/?Name=%D8%A8%D9%8A%D8%A7%D9%86%20%D8%B5%D8%A7%D8%AF%D8%B1%20%D8%B9%D9%86%20%D8%AC%D9%85%D8%A7%D8%B9%D8%A9%20%D8%A7%D9%84%D8%A5%D8%AE%D9%88%D8%A7%D9%86%20%D8%A7%D9%84%D9%85%D8%B3%D9%84%D9%85%D9%8A%D9%86%20%D9%81%D9%8A%20%D8%B3%D9%88%D8%B1%D9%8A%D8%A9%20%D8%A8%D8%B4%D8%A3%D9%86%20%D8%A7%D8%BA%D8%AA%D9%8A%D8%A7%D9%84%20%D8%A7%D9%84%D8%AF%D9%83%D8%AA%D9%88%D8%B1%20%D8%A7%D9%84%D8%A8%D9%88%D8%B7%D9%8A%20%D9%88%D9%85%D9%86%20%D9%85%D8%B9%D9%87&info=YVdROU16UTRNamNtYzI5MWNtTmxQVk4xWWxCaFoyVW1kSGx3WlQweEpuaHRiR2xrUFNZPSt1.Syr
130423 (MB) Statement,,Statement,Syrian Muslim Brotherhood,SMB,13,4,23,,161215,URL: web.archive.org/web/20131110000154/http://ikhwansyria.com/Portals/Content/?Name=%D8%A8%D9%8A%D8%A7%D9%86%20%D9%88%D8%AA%D9%88%D8%B6%D9%8A%D8%AD%20%D9%85%D9%86%20%D8%AC%D9%85%D8%A7%D8%B9%D8%A9%20%D8%A7%D9%84%D8%A5%D8%AE%D9%88%D8%A7%D9%86%20%D8%A7%D9%84%D9%85%D8%B3%D9%84%D9%85%D9%8A%D9%86%20%D9%81%D9%8A%20%D8%B3%D9%88%D8%B1%D9%8A%D8%A9&info=YVdROU16VXhOVEltYzI5MWNtTmxQVk4xWWxCaFoyVW1kSGx3WlQweEpuaHRiR2xrUFNZPSt1.Syr
130503 (MB) Statement,,Statement,Syrian Muslim Brotherhood,SMB,13,5,3,,161215,URL: web.archive.org/web/20131110052514/http://ikhwansyria.com/Portals/Content/?Name=%D8%AC%D8%AF%D9%8A%D8%AF%D8%A9%20%D8%B9%D8%B1%D8%B7%D9%88%D8%B2%20%D8%A7%D9%84%D9%81%D8%B6%D9%84%20..%20%D8%A7%D9%84%D8%A5%D8%A8%D8%A7%D8%AF%D8%A9%20%D8%A7%D9%84%D8%B9%D9%84%D9%86%D9%8A%D8%A9%20%D9%84%D8%B4%D8%B9%D8%A8%20%D8%A3%D8%B9%D8%B2%D9%84&info=YVdROU16VXpNVGNtYzI5MWNtTmxQVk4xWWxCaFoyVW1kSGx3WlQweEpuaHRiR2xrUFNZPSt1.Syr
130512 (MB) Statement,,Statement,Syrian Muslim Brotherhood,SMB,13,5,12,,161215,URL: web.archive.org/web/20130820012133/http://ikhwansyria.com/Portals/Content/?Name=%D8%AD%D9%88%D9%84%20%D8%A7%D9%84%D9%85%D8%AC%D8%A7%D8%B2%D8%B1%20%D8%A7%D9%84%D8%AA%D9%8A%20%D9%8A%D8%B1%D8%AA%D9%83%D8%A8%D9%87%D8%A7%20%D8%A7%D9%84%D9%86%D8%B8%D8%A7%D9%85%20%D9%81%D9%8A%20%D8%B3%D9%88%D8%B1%D9%8A%D8%A9&info=YVdROU16VTFNRGttYzI5MWNtTmxQVk4xWWxCaFoyVW1kSGx3WlQweEpuaHRiR2xrUFNZPSt1.Syr
130512b (MB) Statement,,Statement,Syrian Muslim Brotherhood,SMB,13,5,12,,161215,URL: web.archive.org/web/20131109231116/http://ikhwansyria.com/Portals/Content/?Name=%D8%A5%D8%B1%D9%87%D8%A7%D8%A8%20%D8%A7%D9%84%D9%85%D8%AC%D8%B1%D9%85%D9%8A%D9%86%20%D9%8A%D8%AA%D8%AE%D8%B7%D9%89%20%D8%A7%D9%84%D8%AE%D8%B7%20%D8%A7%D9%84%D8%A3%D8%AD%D9%85%D8%B1%20%D8%A5%D9%84%D9%89%20%D8%AE%D8%A7%D8%B1%D8%AC%20%D8%A7%D9%84%D8%AD%D8%AF%D9%88%D8%AF&info=YVdROU16VTJPRFltYzI5MWNtTmxQVk4xWWxCaFoyVW1kSGx3WlQweEpuaHRiR2xrUFNZPSt1.Syr
130519 (MB) Statement,,Statement,Syrian Muslim Brotherhood,SMB,13,5,19,,161215,URL: web.archive.org/web/20130820033707/http://ikhwansyria.com/Portals/Content/?Name=%D8%AD%D9%88%D9%84%20%D9%85%D8%AC%D8%B2%D8%B1%D8%A9%20%D8%A7%D9%84%D8%B1%D9%8A%D8%AD%D8%A7%D9%86%D9%8A%D8%A9%20%D8%A5%D8%B1%D9%87%D8%A7%D8%A8%20%D8%A7%D9%84%D9%85%D8%AC%D8%B1%D9%85%D9%8A%D9%86%20%D9%8A%D8%AA%D8%AE%D8%B7%D9%89%20%D8%A7%D9%84%D8%AE%D8%B7%20%D8%A7%D9%84%D8%A3%D8%AD%D9%85%D8%B1%20%D8%A5%D9%84%D9%89%20%D8%AE%D8%A7%D8%B1%D8%AC%20%D8%A7%D9%84%D8%AD%D8%AF%D9%88%D8%AF&info=YVdROU16VTNNRGdtYzI5MWNtTmxQVk4xWWxCaFoyVW1kSGx3WlQweEpuaHRiR2xrUFNZPSt1.Syr
130529 (MB) Statement,,Statement,Syrian Muslim Brotherhood,SMB,13,5,29,,161215,URL: web.archive.org/web/20131110045844/http://ikhwansyria.com/Portals/Content/?Name=%D8%AD%D8%B2%D8%A8%20%D8%A7%D9%84%D9%84%D9%87%20%D9%88%D8%A7%D8%AD%D8%AA%D9%84%D8%A7%D9%84%20%D8%A7%D9%84%D9%82%D8%B5%D9%8A%D8%B1&info=YVdROU16VTRNelltYzI5MWNtTmxQVk4xWWxCaFoyVW1kSGx3WlQweEpuaHRiR2xrUFNZPSt1.Syr
130617 (MB) Statement,,Statement,Syrian Muslim Brotherhood,SMB,13,6,17,,161215,URL: web.archive.org/web/20130926021617/http://www.ikhwansyria.com/Portals/Content/?Name=%D8%AD%D9%88%D9%84%20%D8%A7%D9%84%D8%AD%D8%B1%D8%A8%20%D8%A7%D9%84%D8%AA%D9%8A%20%D8%A3%D8%B9%D9%84%D9%86%D9%87%D8%A7%20(%D8%AD%D8%B3%D9%86%20%D9%86%D8%B5%D8%B1%20%D8%A7%D9%84%D9%84%D9%87)%20%D8%B9%D9%84%D9%89%20%D8%A7%D9%84%D8%B4%D8%B9%D8%A8%20%D8%A7%D9%84%D8%B3%D9%88%D8%B1%D9%8A%20%D9%88%D8%A7%D9%84%D8%BA%D8%B2%D9%88%20%D8%A7%D9%84%D8%AE%D8%A7%D8%B1%D8%AC%D9%8A%20%D8%A7%D9%84%D8%B0%D9%8A%20%D8%AA%D9%82%D9%88%D9%85%20%D8%A8%D9%87%20%D8%A7%D9%84%D8%B9%D8%B5%D8%A7%D8%A8%D8%A7%D8%AA%20%D8%A7%D9%84%D8%B7%D8%A7%D8%A6%D9%81%D9%8A%D8%A9&info=YVdROU16WXdNelFtYzI5MWNtTmxQVk4xWWxCaFoyVW1kSGx3WlQweEpuaHRiR2xrUFNZPSt1.Syr
130706 (MB) Statement,,Statement,Syrian Muslim Brotherhood,SMB,13,7,6,,161215,URL: web.archive.org/web/20131109183445/http://ikhwansyria.com/Portals/Content/?Name=%D8%B4%D9%83%D8%B1%D8%A7%D9%8B%20%D9%84%D8%B4%D8%B9%D8%A8%20%D8%A7%D9%84%D9%83%D9%86%D8%A7%D9%86%D8%A9..%20%D8%B4%D9%83%D8%B1%D8%A7%20%D9%84%D9%82%D9%8A%D8%A7%D8%AF%D8%A9%20%D9%85%D8%B5%D8%B1..&info=YVdROU16WXpOVGttYzI5MWNtTmxQVk4xWWxCaFoyVW1kSGx3WlQweEpuaHRiR2xrUFNZPSt1.Syr
130706b (MB) Statement,,Statement,Syrian Muslim Brotherhood,SMB,13,7,6,,161215,URL: web.archive.org/web/20140330194129/http://ikhwansyria.com/Portals/Content/?Name=%D8%AD%D9%88%D9%84%20%D8%A7%D9%84%D8%A7%D9%86%D9%82%D9%84%D8%A7%D8%A8%20%D8%B9%D9%84%D9%89%20%D8%A7%D9%84%D8%B4%D8%B1%D8%B9%D9%8A%D8%A9%20%D8%A7%D9%84%D8%AF%D8%B3%D8%AA%D9%88%D8%B1%D9%8A%D8%A9%20%D9%81%D9%8A%20%D9%85%D8%B5%D8%B1&info=YVdROU16WTJOamdtYzI5MWNtTmxQVk4xWWxCaFoyVW1kSGx3WlQweEpuaHRiR2xrUFNZPSt1.Syr
130711 (MB) Statement,,Statement,Syrian Muslim Brotherhood,SMB,13,7,11,,161215,URL: web.archive.org/web/20140330194541/http://ikhwansyria.com/Portals/Content/?Name=%D8%A8%D9%8A%D8%A7%D9%86%20%D9%85%D8%AC%D9%84%D8%B3%20%D8%A7%D9%84%D8%B4%D9%88%D8%B1%D9%89%20%D9%84%D8%AC%D9%85%D8%A7%D8%B9%D8%A9%20%D8%A7%D9%84%D8%A5%D8%AE%D9%88%D8%A7%D9%86%20%D8%A7%D9%84%D9%85%D8%B3%D9%84%D9%85%D9%8A%D9%86%20%D9%81%D9%8A%20%D8%B3%D9%88%D8%B1%D9%8A%D8%A9&info=YVdROU16WTJOamttYzI5MWNtTmxQVk4xWWxCaFoyVW1kSGx3WlQweEpuaHRiR2xrUFNZPSt1.Syr
130723 (MB) Statement,,Statement,Syrian Muslim Brotherhood,SMB,13,7,23,,161215,URL: web.archive.org/web/20140331012649/http://ikhwansyria.com/Portals/Content/?Name=%D8%A5%D8%B9%D9%84%D8%A7%D9%86%20%D8%AA%D8%B6%D8%A7%D9%85%D9%86%20%D9%85%D9%86%20%D8%AC%D9%85%D8%A7%D8%B9%D8%A9%20%D8%A7%D9%84%D8%A5%D8%AE%D9%88%D8%A7%D9%86%20%D8%A7%D9%84%D9%85%D8%B3%D9%84%D9%85%D9%8A%D9%86%20%D9%81%D9%8A%20%D8%B3%D9%88%D8%B1%D9%8A%D8%A9%20%D9%85%D8%B9%20%D8%A7%D9%84%D9%86%D8%A7%D8%B4%D8%B7%D8%A9%20%D8%A7%D9%84%D8%AD%D9%82%D9%88%D9%82%D9%8A%D8%A9%20%D9%85%D9%86%D8%AA%D9%87%D9%89%20%D8%B3%D9%84%D8%B7%D8%A7%D9%86%20%D8%A8%D8%A7%D8%B4%D8%A7%20%D8%A7%D9%84%D8%A3%D8%B7%D8%B1%D8%B4&info=YVdROU16WTNOakVtYzI5MWNtTmxQVk4xWWxCaFoyVW1kSGx3WlQweEpuaHRiR2xrUFNZPSt1.Syr
130814 (MB) Statement,,Statement,Syrian Muslim Brotherhood,SMB,13,8,14,,161215,URL: web.archive.org/web/20140330191937/http://ikhwansyria.com/Portals/Content/?Name=%D8%A5%D9%86%D9%87%D9%85%20%D9%84%D8%A7%20%D9%8A%D9%85%D8%A7%D8%B1%D8%B3%D9%88%D9%86%20%D8%A7%D9%84%D8%A5%D8%B1%D9%87%D8%A7%D8%A8%20%D9%81%D9%82%D8%B7%20%D8%A8%D9%84%20%D9%8A%D8%B5%D9%86%D8%B9%D9%88%D9%86%20%D9%85%D8%B1%D8%AA%D9%83%D8%B2%D8%A7%D8%AA%D9%87%20%D9%88%D9%8A%D8%BA%D8%B0%D9%88%D9%86%20%D9%85%D9%86%D8%B8%D9%85%D8%A7%D8%AA%D9%87&info=YVdROU16WTVPVEFtYzI5MWNtTmxQVk4xWWxCaFoyVW1kSGx3WlQweEpuaHRiR2xrUFNZPSt1.Syr
130823 (MB) Statement,,Statement,Syrian Muslim Brotherhood,SMB,13,8,23,,161215,URL: web.archive.org/web/20140330200602/http://ikhwansyria.com/Portals/Content/?Name=%D9%85%D9%86%20%D8%B3%D9%88%D8%B1%D9%8A%D8%A9%20%D8%A5%D9%84%D9%89%20%D9%85%D8%B5%D8%B1%20%D8%A7%D9%84%D8%AF%D9%85%D8%A7%D8%A1%20%D8%AA%D8%B3%D9%8A%D9%84%20%D9%88%D8%A7%D9%84%D8%B9%D8%A7%D9%84%D9%85%20%D8%A7%D9%84%D9%85%D8%AA%D8%AD%D8%B6%D8%B1%20%D9%8A%D8%AA%D9%81%D8%B1%D8%AC&info=YVdROU16Y3pNakltYzI5MWNtTmxQVk4xWWxCaFoyVW1kSGx3WlQweEpuaHRiR2xrUFNZPSt1.Syr
130824 (MB) Statement,,Statement,Syrian Muslim Brotherhood,SMB,13,8,24,,161215,URL: web.archive.org/web/20140330202354/http://ikhwansyria.com/Portals/Content/?Name=%D8%A8%D9%8A%D8%A7%D9%86%20%D8%B5%D8%AD%D9%81%D9%8A%20%D8%A8%D8%AE%D8%B5%D9%88%D8%B5%20%D9%85%D8%AC%D8%B2%D8%B1%D8%A9%20%D8%A7%D9%84%D8%BA%D9%88%D8%B7%D8%A9%20%D8%A7%D9%84%D8%B4%D8%B1%D9%82%D9%8A%D8%A9%20%D9%88%D9%82%D8%B5%D9%81%D9%87%D8%A7%20%D8%A8%D8%A7%D9%84%D9%83%D9%8A%D9%85%D8%A7%D9%88%D9%8A&info=YVdROU16YzBOalFtYzI5MWNtTmxQVk4xWWxCaFoyVW1kSGx3WlQweEpuaHRiR2xrUFNZPSt1.Syr
130830 (MB) Statement,,Statement,Syrian Muslim Brotherhood,SMB,13,8,30,,161215,URL: web.archive.org/web/20140330193857/http://ikhwansyria.com/Portals/Content/?Name=%D8%A8%D8%AE%D8%B5%D9%88%D8%B5%20%D8%A7%D9%84%D8%AA%D9%81%D8%AC%D9%8A%D8%B1%D8%A7%D8%AA%20%D8%A7%D9%84%D8%A5%D8%B1%D9%87%D8%A7%D8%A8%D9%8A%D8%A9%20%D9%81%D9%8A%20%D8%B7%D8%B1%D8%A7%D8%A8%D9%84%D8%B3%20%D8%A7%D9%84%D8%B4%D8%A7%D9%85&info=YVdROU16YzBOalltYzI5MWNtTmxQVk4xWWxCaFoyVW1kSGx3WlQweEpuaHRiR2xrUFNZPSt1.Syr
130912 (MB) Statement,,Statement,Syrian Muslim Brotherhood,SMB,13,9,12,,161215,URL: web.archive.org/web/20140331000412/http://ikhwansyria.com/Portals/Content/?Name=%D8%B1%D8%A4%D9%8A%D8%A9%20%D8%AC%D9%85%D8%A7%D8%B9%D8%A9%20%D8%A7%D9%84%D8%A5%D8%AE%D9%88%D8%A7%D9%86%20%D8%A7%D9%84%D9%85%D8%B3%D9%84%D9%85%D9%8A%D9%86%20%D9%81%D9%8A%20%D8%B3%D9%88%D8%B1%D9%8A%D8%A9%20%D9%81%D9%8A%D9%85%D8%A7%20%D9%8A%D8%AA%D8%B9%D9%84%D9%82%20%D8%A8%D8%A7%D9%84%D8%B6%D8%B1%D8%A8%D8%A9%20%D8%A7%D9%84%D8%B9%D8%B3%D9%83%D8%B1%D9%8A%D8%A9%20%D8%A7%D9%84%D9%85%D8%AD%D8%AA%D9%85%D9%84%D8%A9&info=YVdROU16YzJNRE1tYzI5MWNtTmxQVk4xWWxCaFoyVW1kSGx3WlQweEpuaHRiR2xrUFNZPSt1.Syr
131108 (MB) Statement,,Statement,Syrian Muslim Brotherhood,SMB,13,11,8,,161215,URL: web.archive.org/web/20140330194052/http://ikhwansyria.com/Portals/Content/?Name=%D8%AE%D8%B0%D9%84%D8%A7%D9%86%D9%83%D9%85%20%D9%8A%D9%82%D8%AA%D9%84%D9%86%D8%A7...%20%D8%A3%D9%86%D9%82%D8%B0%D9%88%D8%A7%20%D8%B7%D9%81%D9%84%D8%A7%D9%8B%20%D9%8A%D9%82%D8%AA%D9%84%D9%87%20%D8%A8%D8%B4%D8%A7%D8%B1%20%D8%BA%D8%AF%D8%A7%D9%8B&info=YVdROU16YzVNVFltYzI5MWNtTmxQVk4xWWxCaFoyVW1kSGx3WlQweEpuaHRiR2xrUFNZPSt1.Syr
131118 (MB) Statement,,Statement,Syrian Muslim Brotherhood,SMB,13,11,18,,161215,URL: web.archive.org/web/20140330195118/http://ikhwansyria.com/Portals/Content/?Name=%D9%85%D9%88%D9%82%D9%81%20%D8%AC%D9%85%D8%A7%D8%B9%D8%A9%20%D8%A7%D9%84%D8%A5%D8%AE%D9%88%D8%A7%D9%86%20%D8%A7%D9%84%D9%85%D8%B3%D9%84%D9%85%D9%8A%D9%86%20%D9%81%D9%8A%20%D8%B3%D9%88%D8%B1%D9%8A%D8%A9%20%D9%85%D9%86%20%D9%85%D8%A4%D8%AA%D9%85%D8%B1%20%D8%AC%D9%86%D9%8A%D9%81%20%D9%A2&info=YVdROU16azBNalVtYzI5MWNtTmxQVk4xWWxCaFoyVW1kSGx3WlQweEpuaHRiR2xrUFNZPSt1.Syr
131125 (MB) Statement,,Statement,Syrian Muslim Brotherhood,SMB,13,11,25,,161215,URL: web.archive.org/web/20140330194701/http://ikhwansyria.com/Portals/Content/?Name=%D8%A7%D9%84%D8%B4%D9%87%D9%8A%D8%AF%20%D8%B9%D8%A8%D8%AF%20%D8%A7%D9%84%D9%82%D8%A7%D8%AF%D8%B1%20%D8%A7%D9%84%D8%B5%D8%A7%D9%84%D8%AD:%20%D9%85%D8%AC%D8%A7%D9%87%D8%AF%D9%8F%20%D8%A7%D9%84%D8%B4%D8%A7%D9%85%20%D8%A7%D9%84%D8%B0%D9%8A%20%D8%B5%D9%8E%D8%AF%D9%8E%D9%82%D9%8E%20%D9%85%D8%A7%20%D8%B9%D8%A7%D9%87%D8%AF%D9%8E%20%D8%A7%D9%84%D9%84%D9%87%D9%8E%20%D8%B9%D9%84%D9%8A%D9%87&info=YVdROU16a3dPVGdtYzI5MWNtTmxQVk4xWWxCaFoyVW1kSGx3WlQweEpuaHRiR2xrUFNZPSt1.Syr
131221 (MB) Statement,,Statement,Syrian Muslim Brotherhood,SMB,13,12,21,,161215,URL: web.archive.org/web/20140330201545/http://ikhwansyria.com/Portals/Content/?Name=%D8%AA%D8%B5%D8%B1%D9%8A%D8%AD%20%D9%84%D9%84%D9%86%D8%A7%D8%B7%D9%82%20%D8%A7%D9%84%D8%A7%D8%B9%D9%84%D8%A7%D9%85%D9%8A%20%D9%84%D8%AC%D9%85%D8%A7%D8%B9%D8%A9%20%D8%A7%D9%84%D8%A5%D8%AE%D9%88%D8%A7%D9%86%20%D8%A7%D9%84%D9%85%D8%B3%D9%84%D9%85%D9%8A%D9%86%20%D9%81%D9%8A%20%D8%B3%D9%88%D8%B1%D9%8A%D8%A9&info=YVdROU16a3hPVFltYzI5MWNtTmxQVk4xWWxCaFoyVW1kSGx3WlQweEpuaHRiR2xrUFNZPSt1.Syr
140110 (MB) Statement,,Statement,Syrian Muslim Brotherhood,SMB,14,1,10,,161215,URL: web.archive.org/web/20140330200021/http://ikhwansyria.com/Portals/Content/?Name=%D8%AB%D9%86%D8%A7%D8%A6%D9%8A%D8%A9%20%D8%A7%D9%84%D9%82%D8%AA%D9%84%20%D9%88%D8%A7%D9%84%D8%B5%D9%85%D8%AA%20%D8%A8%D9%8A%D9%86%20%D9%86%D8%B8%D8%A7%D9%85%20%D8%A7%D9%84%D8%A3%D8%B3%D8%AF%20%D9%88%D8%A7%D9%84%D9%85%D8%AC%D8%AA%D9%85%D8%B9%20%D8%A7%D9%84%D8%AF%D9%88%D9%84%D9%8A&info=YVdROU16azJNVGdtYzI5MWNtTmxQVk4xWWxCaFoyVW1kSGx3WlQweEpuaHRiR2xrUFNZPSt1.Syr
140112 (MB) Statement,,Statement,Syrian Muslim Brotherhood,SMB,14,1,12,,161215,URL: web.archive.org/web/20140330201002/http://ikhwansyria.com/Portals/Content/?Name=%D8%A7%D9%84%D9%85%D9%88%D9%82%D9%81%20%D8%A7%D9%84%D8%B1%D8%B3%D9%85%D9%8A%20%D9%85%D9%86%20%D9%85%D8%A4%D8%AA%D9%85%D8%B1%20%D8%AC%D9%86%D9%8A%D9%812&info=YVdROU16azVPRGNtYzI5MWNtTmxQVk4xWWxCaFoyVW1kSGx3WlQweEpuaHRiR2xrUFNZPSt1.Syr
140121 (MB) Statement,,Statement,Syrian Muslim Brotherhood,SMB,14,1,21,,161220,URL: web.archive.org/web/20140331000421/http://ikhwansyria.com/Portals/Content/?Name=%D9%86%D9%81%D9%8A%20%D9%84%D9%85%D8%A7%20%D8%A3%D9%88%D8%B1%D8%AF%D8%AA%D9%87%20%D8%A8%D8%B9%D8%B6%20%D9%88%D8%B3%D8%A7%D8%A6%D9%84%20%D8%A7%D9%84%D8%A5%D8%B9%D9%84%D8%A7%D9%85%20%D8%AD%D9%88%D9%84%20%D9%85%D9%88%D8%A7%D9%81%D9%82%D8%A9%20%D8%A7%D9%84%D8%AC%D9%85%D8%A7%D8%B9%D8%A9%20%D8%B9%D9%84%D9%89%20%D8%AD%D8%B6%D9%88%D8%B1%20%D8%AC%D9%86%D9%8A%D9%812&info=YVdROU5EQXdNakFtYzI5MWNtTmxQVk4xWWxCaFoyVW1kSGx3WlQweEpuaHRiR2xrUFNZPSt1.Syr
140128 (MB) Statement,,Statement,Syrian Muslim Brotherhood,SMB,14,1,28,,161220,
140202 (MB) Statement,,Statement,Syrian Muslim Brotherhood,SMB,14,2,2,,161220,
140611 (MB) Statement,,Statement,Syrian Muslim Brotherhood,SMB,14,6,11,,161220,
140616 (MB) Statement,,Statement,Syrian Muslim Brotherhood,SMB,14,6,16,,161220,
140630 (MB) Statement,,Statement,Syrian Muslim Brotherhood,SMB,14,6,30,,161220,
140718 (MB) Statement,,Statement,Syrian Muslim Brotherhood,SMB,14,7,18,,161220,
140718b (MB) Statement,,Statement,Syrian Muslim Brotherhood,SMB,14,7,18,,161220,
140821 (MB) Statement,,Statement,Syrian Muslim Brotherhood,SMB,14,8,21,,161215,
140910 (MB) Statement,,Statement,Syrian Muslim Brotherhood,SMB,14,9,10,,161215,URL: web.archive.org/web/20141209074405/http://www.ikhwansyria.com/Portals/Content/?Name=%D8%B9%D8%A7%D9%85%20%D8%B9%D9%84%D9%89%20%D9%85%D8%AC%D8%B2%D8%B1%D8%A9%20%D8%A7%D9%84%D8%BA%D9%88%D8%B7%D8%A9%20%D9%88%D8%A7%D9%84%D9%85%D8%AC%D8%B1%D9%85%20%D9%85%D8%A7%D8%B2%D8%A7%D9%84%20%D8%A8%D9%84%D8%A7%20%D8%B9%D9%82%D8%A7%D8%A8&info=YVdROU5ETXhPRGNtYzI5MWNtTmxQVk4xWWxCaFoyVW1kSGx3WlQweEpuaHRiR2xrUFNZPSt1.Syr
140916 (MB) Statement,,Statement,Syrian Muslim Brotherhood,SMB,14,9,16,,161215,URL: web.archive.org/web/20150917222504/http://www.ikhwansyria.com/Portals/Content/?Name=%D8%B4%D9%87%D8%AF%D8%A7%D8%A1%20%D8%AD%D8%B1%D9%83%D8%A9%20%D8%A3%D8%AD%D8%B1%D8%A7%D8%B1%20%D8%A7%D9%84%D8%B4%D8%A7%D9%85..%20%D8%A3%D9%82%D9%85%D8%A7%D8%B1%20%D8%A7%D9%84%D8%AB%D9%88%D8%B1%D8%A9%20%D8%A7%D9%84%D8%B3%D9%88%D8%B1%D9%8A%D8%A9&info=YVdROU5ETXpPVGdtYzI5MWNtTmxQVk4xWWxCaFoyVW1kSGx3WlQweEpuaHRiR2xrUFNZPSt1.Syr
140920 (MB) Statement,,Statement,Syrian Muslim Brotherhood,SMB,14,9,20,,161215,URL: web.archive.org/web/20150917222457/http://www.ikhwansyria.com/Portals/Content/?Name=%D9%85%D9%88%D9%82%D9%81%D9%86%D8%A7%20%D9%85%D9%86%20%D8%A7%D9%84%D8%AA%D8%AD%D8%B1%D9%91%D9%83%20%D8%A7%D9%84%D8%A3%D9%85%D9%8A%D8%B1%D9%83%D9%8A%D9%91%20%D9%88%D8%A7%D9%84%D8%AF%D9%88%D9%84%D9%8A%D9%91%20%D9%84%D9%85%D8%AD%D8%A7%D8%B1%D8%A8%D8%A9%20(%D8%A7%D9%84%D8%A5%D8%B1%D9%87%D8%A7%D8%A8)&info=YVdROU5ETTBPREltYzI5MWNtTmxQVk4xWWxCaFoyVW1kSGx3WlQweEpuaHRiR2xrUFNZPSt1.Syr
141025 (MB) Statement,,Statement,Syrian Muslim Brotherhood,SMB,14,10,25,,161215,URL: web.archive.org/web/20150917222443/http://www.ikhwansyria.com/Portals/Content/?Name=%D8%A8%D8%B3%D9%8A%D8%A7%D8%B3%D8%A9%20%D9%82%D9%88%D9%8A%D9%85%D8%A9..%20%D8%AA%D8%B1%D9%83%D9%8A%D8%A7%20%D8%AA%D9%81%D8%B1%D8%AC%20%D8%B9%D9%86%20%D8%B1%D9%87%D8%A7%D8%A6%D9%86%D9%87%D8%A7%20%D8%A7%D9%84%D9%85%D8%AE%D8%AA%D8%B7%D9%81%D9%8A%D9%86%20%D9%81%D9%8A%20%D8%A7%D9%84%D8%B9%D8%B1%D8%A7%D9%82&info=YVdROU5ETTFNakFtYzI5MWNtTmxQVk4xWWxCaFoyVW1kSGx3WlQweEpuaHRiR2xrUFNZPSt1.Syr
141211 (MB) Statement,,Statement,Syrian Muslim Brotherhood,SMB,14,12,11,,161215,URL: web.archive.org/web/20150917222422/http://www.ikhwansyria.com/Portals/Content/?Name=%D8%B1%D8%B3%D8%A7%D9%84%D8%A9%20%D9%85%D8%A8%D8%A7%D8%B1%D9%83%D8%A9%20%D8%A8%D8%A7%D9%84%D8%B9%D8%A7%D9%85%20%D8%A7%D9%84%D9%87%D8%AC%D8%B1%D9%8A%20%D8%A7%D9%84%D8%AC%D8%AF%D9%8A%D8%AF%20%D9%85%D9%86%20%D8%AC%D9%85%D8%A7%D8%B9%D8%A9%20%D8%A7%D9%84%D8%A5%D8%AE%D9%88%D8%A7%D9%86%20%D8%A7%D9%84%D9%85%D8%B3%D9%84%D9%85%D9%8A%D9%86%20%D9%81%D9%8A%20%D8%B3%D9%88%D8%B1%D9%8A%D8%A9..%20%D9%86%D8%B3%D8%A3%D9%84%20%D8%A7%D9%84%D9%84%D9%87%20%D8%A3%D9%86%20%D9%8A%D8%AC%D8%B9%D9%84%D9%87%20%D8%B9%D8%A7%D9%85%20%D9%8A%D9%85%D9%86%20%D9%88%D8%AE%D9%8A%D8%B1%20%D9%88%D8%A8%D8%B1%D9%83%D8%A9%D8%8C%20%D9%88%D8%AA%D9%82%D8%AF%D9%91%D9%85%20%D9%88%D8%A7%D8%B2%D8%AF%D9%87%D8%A7%D8%B1%D8%8C%20%D9%88%D9%86%D8%B5%D8%B1%20%D8%B9%D9%84%D9%89%20%D8%A7%D9%84%D8%A3%D8%B9%D8%AF%D8%A7%D8%A1&info=YVdROU5ETTRPREltYzI5MWNtTmxQVk4xWWxCaFoyVW1kSGx3WlQweEpuaHRiR2xrUFNZPSt1.Syr
141229 (MB) Statement,,Statement,Syrian Muslim Brotherhood,SMB,14,12,29,,161215,URL: web.archive.org/web/20150917222402/http://www.ikhwansyria.com/Portals/Content/?Name=%D8%A8%D9%8A%D8%A7%D9%86%20%D9%85%D8%AC%D9%84%D8%B3%20%D8%A7%D9%84%D8%B4%D9%88%D8%B1%D9%89%20%D9%84%D8%AC%D9%85%D8%A7%D8%B9%D8%A9%20%D8%A7%D9%84%D8%A5%D8%AE%D9%88%D8%A7%D9%86%20%D8%A7%D9%84%D9%85%D8%B3%D9%84%D9%85%D9%8A%D9%86%20%D9%81%D9%8A%20%D8%B3%D9%88%D8%B1%D9%8A%D8%A9&info=YVdROU5EUXdOelFtYzI5MWNtTmxQVk4xWWxCaFoyVW1kSGx3WlQweEpuaHRiR2xrUFNZPSt1.Syr
150123 (MB) Statement,,Statement,Syrian Muslim Brotherhood,SMB,15,1,23,,161215,URL: web.archive.org/web/20150917222355/http://www.ikhwansyria.com/Portals/Content/?Name=%D8%A8%D9%8A%D8%A7%D9%86%20%D9%85%D9%86%20%D8%AC%D9%85%D8%A7%D8%B9%D8%A9%20%D8%A7%D9%84%D8%A5%D8%AE%D9%88%D8%A7%D9%86%20%D8%A7%D9%84%D9%85%D8%B3%D9%84%D9%85%D9%8A%D9%86%20%D9%81%D9%8A%20%D8%B3%D9%88%D8%B1%D9%8A%D8%A9%20%D8%AD%D9%88%D9%84%20%D8%A7%D9%84%D9%85%D9%88%D9%82%D9%81%20%D9%85%D9%86%20%D8%A7%D9%84%D9%85%D8%A8%D8%A7%D8%AF%D8%B1%D8%A9%20%D8%A7%D9%84%D8%B1%D9%88%D8%B3%D9%8A%D8%A9&info=YVdROU5EUTFPREFtYzI5MWNtTmxQVk4xWWxCaFoyVW1kSGx3WlQweEpuaHRiR2xrUFNZPSt1.Syr
150123b (MB) Statement,,Statement,Syrian Muslim Brotherhood,SMB,15,1,23,,161215,URL: web.archive.org/web/20150917222329/http://www.ikhwansyria.com/Portals/Content/?Name=%D8%AA%D8%B9%D8%B2%D9%8A%D8%A9%20%D9%81%D9%8A%20%D9%88%D9%81%D8%A7%D8%A9%20%D8%AE%D8%A7%D8%AF%D9%85%20%D8%A7%D9%84%D8%AD%D8%B1%D9%85%D9%8A%D9%86%20%D8%A7%D9%84%D8%B4%D8%B1%D9%8A%D9%81%D9%8A%D9%86%20%D8%A7%D9%84%D9%85%D9%84%D9%83%20%D8%B9%D8%A8%D8%AF%20%D8%A7%D9%84%D9%84%D9%87%20%D8%A8%D9%86%20%D8%B9%D8%A8%D8%AF%20%D8%A7%D9%84%D8%B9%D8%B2%D9%8A%D8%B2&info=YVdROU5EUTNPVFFtYzI5MWNtTmxQVk4xWWxCaFoyVW1kSGx3WlQweEpuaHRiR2xrUFNZPSt1.Syr
150124 (MB) Statement,,Statement,Syrian Muslim Brotherhood,SMB,15,1,24,,161215,URL: web.archive.org/web/20150917222338/http://www.ikhwansyria.com/Portals/Content/?Name=%D9%85%D8%AC%D8%B2%D8%B1%D8%A9%20%D8%AD%D9%85%D9%88%D8%B1%D9%8A%D8%A9%20%D9%88%D8%AB%D9%86%D8%A7%D8%A6%D9%8A%D8%A9%20%D8%A7%D9%84%D9%82%D8%AA%D9%84%20%D9%85%D9%86%20%D8%A7%D9%84%D8%A3%D8%B3%D8%AF%20%D9%88%D8%A7%D9%84%D9%85%D8%AC%D8%AA%D9%85%D8%B9%20%D8%A7%D9%84%D8%AF%D9%88%D9%84%D9%8A&info=YVdROU5EUTNPVE1tYzI5MWNtTmxQVk4xWWxCaFoyVW1kSGx3WlQweEpuaHRiR2xrUFNZPSt1.Syr
150213 (MB) Statement,,Statement,Syrian Muslim Brotherhood,SMB,15,2,13,,161215,URL: web.archive.org/web/20150917222318/http://www.ikhwansyria.com/Portals/Content/?Name=%D9%86%D8%B9%D9%8A%20%D8%A7%D9%84%D8%AF%D9%83%D8%AA%D9%88%D8%B1%20%D8%AC%D9%85%D8%B9%D8%A9%20%D8%A3%D9%85%D9%8A%D9%86%20%20%D9%86%D8%A7%D8%A6%D8%A8%20%D8%A7%D9%84%D9%85%D8%B1%D8%B4%D8%AF%20%D8%A7%D9%84%D8%B9%D8%A7%D9%85%20%D9%84%D8%AC%D9%85%D8%A7%D8%B9%D8%A9%20%D8%A7%D9%84%D8%A5%D8%AE%D9%88%D8%A7%D9%86%20%D8%A7%D9%84%D9%85%D8%B3%D9%84%D9%85%D9%8A%D9%86%20%D9%81%D9%8A%20%D9%85%D8%B5%D8%B1&info=YVdROU5EUTNPVFVtYzI5MWNtTmxQVk4xWWxCaFoyVW1kSGx3WlQweEpuaHRiR2xrUFNZPSt1.Syr
150304 (MB) Statement,,Statement,Syrian Muslim Brotherhood,SMB,15,3,4,,161215,URL: web.archive.org/web/20150917222258/http://www.ikhwansyria.com/Portals/Content/?Name=%D8%AC%D9%85%D8%A7%D8%B9%D8%A9%20%D8%A7%D9%84%D8%A5%D8%AE%D9%88%D8%A7%D9%86%20%D8%A7%D9%84%D9%85%D8%B3%D9%84%D9%85%D9%8A%D9%86%20%D9%81%D9%8A%20%D8%B3%D9%88%D8%B1%D9%8A%D8%A9%20%D8%AA%D9%86%D8%B9%D9%89%20%D8%A7%D9%84%D8%AF%D9%83%D8%AA%D9%88%D8%B1%20%D8%A8%D9%87%D9%8A%D8%AC%20%D8%A7%D9%84%D9%85%D9%84%D8%A7%20%D8%AD%D9%88%D9%8A%D8%B4&info=YVdROU5EUTVPVEVtYzI5MWNtTmxQVk4xWWxCaFoyVW1kSGx3WlQweEpuaHRiR2xrUFNZPSt1.Syr
150307 (MB) Statement,,Statement,Syrian Muslim Brotherhood,SMB,15,3,7,,161215,URL: web.archive.org/web/20150917222309/http://www.ikhwansyria.com/Portals/Content/?Name=%D8%A5%D8%AF%D8%A7%D9%86%D8%A9%20%D8%AC%D8%B1%D9%8A%D9%85%D8%A9%20%D8%A5%D8%B9%D8%AF%D8%A7%D9%85%20%D8%A7%D9%84%D8%B7%D9%8A%D8%A7%D8%B1%20%D8%A7%D9%84%D8%A3%D8%B1%D8%AF%D9%86%D9%8A%20..%20%D9%88%D8%B9%D9%84%D9%89%20%D8%A7%D9%84%D8%AA%D8%AD%D8%A7%D9%84%D9%81%20%D8%A7%D9%84%D8%AF%D9%88%D9%84%D9%8A%20%D8%A3%D9%86%20%D9%8A%D8%B5%D8%AD%D8%AD%20%D8%A8%D9%88%D8%B5%D9%84%D8%AA%D9%87&info=YVdROU5EUTRPVFVtYzI5MWNtTmxQVk4xWWxCaFoyVW1kSGx3WlQweEpuaHRiR2xrUFNZPSt1.Syr
150312 (MB) Statement,,Statement,Syrian Muslim Brotherhood,SMB,15,3,12,,161215,URL: web.archive.org/web/20150917222245/http://www.ikhwansyria.com/Portals/Content/?Name=%D8%A8%D9%8A%D8%A7%D9%86%20%D8%A8%D9%85%D9%86%D8%A7%D8%B3%D8%A8%D8%A9%20%D9%8A%D9%88%D9%85%20%D8%A7%D9%84%D9%85%D8%B1%D8%A3%D8%A9%20%D8%A7%D9%84%D8%B9%D8%A7%D9%84%D9%85%D9%8A&info=YVdROU5EVXhOekVtYzI5MWNtTmxQVk4xWWxCaFoyVW1kSGx3WlQweEpuaHRiR2xrUFNZPSt1.Syr
150317 (MB) Statement,,Statement,Syrian Muslim Brotherhood,SMB,15,3,17,,161215,URL: web.archive.org/web/20150917222241/http://www.ikhwansyria.com/Portals/Content/?Name=%D8%AC%D9%85%D8%A7%D8%B9%D8%A9%20%D8%A7%D9%84%D8%A5%D8%AE%D9%88%D8%A7%D9%86%20%D8%A7%D9%84%D9%85%D8%B3%D9%84%D9%85%D9%8A%D9%86%20%D9%81%D9%8A%20%D8%B3%D9%88%D8%B1%D9%8A%D8%A9%20%D8%AA%D9%86%D8%B9%D9%89%20%D8%A7%D9%84%D8%B4%D9%8A%D8%AE%20%D8%AD%D8%A7%D8%B1%D8%AB%20%D8%A7%D9%84%D8%B6%D8%A7%D8%B1%D9%8A&info=YVdROU5EVXlNelltYzI5MWNtTmxQVk4xWWxCaFoyVW1kSGx3WlQweEpuaHRiR2xrUFNZPSt1.Syr
150321 (MB) Statement,,Statement,Syrian Muslim Brotherhood,SMB,15,3,21,,161215,URL: web.archive.org/web/20150917222234/http://www.ikhwansyria.com/Portals/Content/?Name=%D8%A5%D8%B3%D9%82%D8%A7%D8%B7%20%D8%A7%D9%84%D9%88%D9%87%D9%85%20%D9%88%D8%A7%D8%AC%D8%A8%20%D8%A7%D9%84%D9%88%D9%82%D8%AA%20%D8%B9%D9%84%D9%89%20%D9%85%D8%A4%D8%B3%D8%B3%D8%A7%D8%AA%20%D8%A7%D9%84%D9%85%D8%B9%D8%A7%D8%B1%D8%B6%D8%A9%20%D8%A7%D9%84%D8%B3%D9%88%D8%B1%D9%8A%D8%A9&info=YVdROU5EVXlOekltYzI5MWNtTmxQVk4xWWxCaFoyVW1kSGx3WlQweEpuaHRiR2xrUFNZPSt1.Syr
150326 (MB) Statement,,Statement,Syrian Muslim Brotherhood,SMB,15,3,26,,161215,URL: web.archive.org/web/20150917222231/http://www.ikhwansyria.com/Portals/Content/?Name=%D8%A8%D9%8A%D8%A7%D9%86%20%D8%B5%D8%AD%D9%81%D9%8A%20%D9%85%D9%86%20%D9%85%D9%83%D8%AA%D8%A8%20%D8%A7%D9%84%D8%A3%D8%AE%D9%88%D8%A7%D8%AA%20%D9%81%D9%8A%20%D8%AC%D9%85%D8%A7%D8%B9%D8%A9%20%D8%A7%D9%84%D8%A5%D8%AE%D9%88%D8%A7%D9%86%20%D8%A7%D9%84%D9%85%D8%B3%D9%84%D9%85%D9%8A%D9%86%20%D9%81%D9%8A%20%D8%B3%D9%88%D8%B1%D9%8A%D8%A9&info=YVdROU5EVXpNRGdtYzI5MWNtTmxQVk4xWWxCaFoyVW1kSGx3WlQweEpuaHRiR2xrUFNZPSt1.Syr
150417 (MB) Statement,,Statement,Syrian Muslim Brotherhood,SMB,15,4,17,,161215,URL: web.archive.org/web/20150917222227/http://www.ikhwansyria.com/Portals/Content/?Name=%D8%A8%D9%8A%D8%A7%D9%86%20%D8%AC%D9%85%D8%A7%D8%B9%D8%A9%20%D8%A7%D9%84%D8%A7%D8%AE%D9%88%D8%A7%D9%86%20%D8%A7%D9%84%D9%85%D8%B3%D9%84%D9%85%D9%8A%D9%86%20%D9%81%D9%8A%20%D8%B3%D9%88%D8%B1%D9%8A%D8%A9%20%D8%AD%D9%88%D9%84%20%D8%B9%D9%85%D9%84%D9%8A%D8%A9%20%D8%B9%D8%A7%D8%B5%D9%81%D8%A9%20%D8%A7%D9%84%D8%AD%D8%B2%D9%85:%20%D9%85%D9%88%D8%A7%D8%AC%D9%87%D8%A9%20%D8%A7%D9%84%D9%85%D8%B4%D8%B1%D9%88%D8%B9%20%D8%A7%D9%84%D8%A5%D9%8A%D8%B1%D8%A7%D9%86%D9%8A%20%D9%85%D9%86%20%D8%B5%D9%86%D8%B9%D8%A7%D8%A1%20%D8%A5%D9%84%D9%89%20%D8%AF%D9%85%D8%B4%D9%82&info=YVdROU5EVXpOelVtYzI5MWNtTmxQVk4xWWxCaFoyVW1kSGx3WlQweEpuaHRiR2xrUFNZPSt1.Syr
150423 (MB) Statement,,Statement,Syrian Muslim Brotherhood,SMB,15,4,23,,161215,URL: web.archive.org/web/20150917222224/http://www.ikhwansyria.com/Portals/Content/?Name=%D8%AF%D8%B9%D9%88%D8%A9%20%D8%A8%D9%85%D9%86%D8%A7%D8%B3%D8%A8%D8%A9%20%D9%8A%D9%88%D9%85%20%D8%A7%D9%84%D8%AC%D9%84%D8%A7%D8%A1..%20(%D8%B3%D8%AC%D9%86%20%D8%A7%D9%84%D8%B9%D9%84%D9%88%D9%8A%D9%8A%D9%86..%20%D9%88%D9%85%D8%A7%D8%AA%D8%B2%D8%A7%D9%84%20%D8%A7%D9%84%D9%85%D9%81%D8%A7%D8%AA%D9%8A%D8%AD%20%D8%A8%D8%A3%D9%8A%D8%AF%D9%8A%D9%83%D9%85)&info=YVdROU5EVTFOakVtYzI5MWNtTmxQVk4xWWxCaFoyVW1kSGx3WlQweEpuaHRiR2xrUFNZPSt1.Syr
150501 (MB) Statement,,Statement,Syrian Muslim Brotherhood,SMB,15,5,1,,161215,URL: web.archive.org/web/20150917222218/http://www.ikhwansyria.com/Portals/Content/?Name=%D8%A5%D8%AF%D8%A7%D9%86%D8%A9%20%D8%A7%D9%84%D8%A3%D8%AD%D9%83%D8%A7%D9%85%20%D8%A7%D9%84%D8%B5%D8%A7%D8%AF%D8%B1%D8%A9%20%D8%A8%D8%AD%D9%82%20%D8%A7%D9%84%D8%B1%D8%A6%D9%8A%D8%B3%20%D8%A7%D9%84%D8%B4%D8%B1%D8%B9%D9%8A%20%D8%A7%D9%84%D8%AF%D9%83%D8%AA%D9%88%D8%B1%20%D9%85%D8%AD%D9%85%D8%AF%20%D9%85%D8%B1%D8%B3%D9%8A&info=YVdROU5EVTJNakltYzI5MWNtTmxQVk4xWWxCaFoyVW1kSGx3WlQweEpuaHRiR2xrUFNZPSt1.Syr
150518 (MB) Statement,,Statement,Syrian Muslim Brotherhood,SMB,15,5,18,,161215,URL: web.archive.org/web/20150917222215/http://www.ikhwansyria.com/Portals/Content/?Name=%D8%A7%D8%A8%D9%86%20%D8%A7%D9%84%D8%A5%D8%AE%D9%88%D8%A7%D9%86%20%D8%A7%D9%84%D8%A8%D8%A7%D8%B1%D9%91%20%D8%B9%D9%85%D9%91%D8%A7%D8%B1%20%D8%B9%D8%AB%D9%85%D8%A7%D9%86%20%D9%81%D9%8A%20%D9%82%D9%88%D8%A7%D9%81%D9%84%20%D8%A7%D9%84%D8%B4%D9%87%D8%AF%D8%A7%D8%A1&info=YVdROU5EVTJPREFtYzI5MWNtTmxQVk4xWWxCaFoyVW1kSGx3WlQweEpuaHRiR2xrUFNZPSt1.Syr
150524 (MB) Statement,,Statement,Syrian Muslim Brotherhood,SMB,15,5,24,,161215,URL: web.archive.org/web/20150917222209/http://www.ikhwansyria.com/Portals/Content/?Name=%D9%85%D8%B5%D8%B1...%20%D9%88%D9%8A%D8%B3%D8%AA%D9%85%D8%B1%20%D9%85%D8%B3%D9%84%D8%B3%D9%84%20%D8%A7%D9%84%D8%A5%D8%B9%D8%AF%D8%A7%D9%85%20%D8%A8%D8%A7%D9%84%D8%AC%D9%85%D9%84%D8%A9..%20%D8%A3%D9%85%D8%A7%20%D9%84%D9%87%D8%B0%D8%A7%20%D8%A7%D9%84%D8%A8%D8%BA%D9%8A%20%D9%85%D9%86%20%D8%B1%D8%A7%D8%AF%D8%B9%D8%9F!&info=YVdROU5EVTRNelFtYzI5MWNtTmxQVk4xWWxCaFoyVW1kSGx3WlQweEpuaHRiR2xrUFNZPSt1.Syr
150616 (MB) Statement,,Statement,Syrian Muslim Brotherhood,SMB,15,6,16,,161215,URL: web.archive.org/web/20160412143909/http://ikhwansyria.com/Portals/Content/?Name=%D8%A7%D9%84%D8%A5%D8%AE%D9%88%D8%A7%D9%86%20%D9%8A%D9%86%D8%B9%D9%88%D9%86%20%D8%A7%D9%84%D8%B4%D9%8A%D8%AE%20%D8%A7%D9%84%D8%B4%D9%87%D9%8A%D8%AF%20%D8%B1%D9%8A%D8%A7%D8%B6%20%D8%A7%D9%84%D8%AE%D8%B1%D9%82%D9%8A&info=YVdROU5EVTVNRFltYzI5MWNtTmxQVk4xWWxCaFoyVW1kSGx3WlQweEpuaHRiR2xrUFNZPSt1.Syr
150617 (MB) Statement,,Statement,Syrian Muslim Brotherhood,SMB,15,6,17,,161215,URL: web.archive.org/web/20160412123436/http://ikhwansyria.com/Portals/Content/?Name=%D8%B9%D9%84%D9%89%20%D8%A7%D9%84%D8%AC%D9%85%D9%8A%D8%B9%20%D8%A3%D9%86%20%D9%8A%D9%88%D9%82%D9%81%20%D8%A7%D9%84%D8%AA%D9%81%D9%83%D9%8A%D8%B1%20%D9%81%D9%8A%20%D9%85%D8%B4%D8%A7%D8%B1%D9%8A%D8%B9%20%D8%A7%D9%84%D8%A7%D9%82%D8%AA%D8%B7%D8%A7%D8%B9%20%D9%88%D8%A7%D9%84%D8%AA%D9%82%D8%B3%D9%8A%D9%85&info=YVdROU5EWXhNVEVtYzI5MWNtTmxQVk4xWWxCaFoyVW1kSGx3WlQweEpuaHRiR2xrUFNZPSt1.Syr
150722 (MB) Statement,,Statement,Syrian Muslim Brotherhood,SMB,15,7,22,,161215,URL: web.archive.org/web/20160412102821/http://ikhwansyria.com/Portals/Content/?Name=%D9%82%D8%B6%D8%A7%D8%A1%20%D8%A7%D9%84%D8%B3%D9%8A%D8%B3%D9%8A:%20%D9%8A%D8%AD%D8%A7%D8%AF%D9%91%20%D8%A7%D9%84%D9%84%D9%87%20%D8%A7%D9%84%D9%85%D9%84%D9%83%20%D8%A7%D9%84%D8%B9%D8%AF%D9%84%20%D9%88%D9%8A%D8%B3%D8%AA%D8%B1%D8%B3%D9%84%20%D9%81%D9%8A%20%D8%AA%D8%AD%D8%AF%D9%91%D9%8A%20%D8%A7%D9%84%D9%82%D9%8A%D9%85%20%D8%A7%D9%84%D9%83%D9%88%D9%86%D9%8A%D8%A9%20%D9%88%D9%83%D9%84%D9%91%20%D8%A3%D8%AD%D8%B1%D8%A7%D8%B1%20%D8%A7%D9%84%D8%B9%D8%A7%D9%84%D9%85&info=YVdROU5EWXhNVEltYzI5MWNtTmxQVk4xWWxCaFoyVW1kSGx3WlQweEpuaHRiR2xrUFNZPSt1.Syr
150726 (MB) Statement,,Statement,Syrian Muslim Brotherhood,SMB,15,7,26,,161215,URL: web.archive.org/web/20160412132424/http://ikhwansyria.com/Portals/Content/?Name=%D8%B1%D8%B3%D8%A7%D9%84%D8%A9%20%D9%85%D9%86%20%D9%81%D8%B6%D9%8A%D9%84%D8%A9%20%D8%A7%D9%84%D9%85%D8%B1%D8%A7%D9%82%D8%A8%20%D8%A7%D9%84%D8%B9%D8%A7%D9%85%20%D9%84%D8%A5%D8%AE%D9%88%D8%A7%D9%86%20%D8%B3%D9%88%D8%B1%D9%8A%D8%A9%20%D9%85%D9%88%D8%AC%D9%87%D8%A9%20%D9%84%D9%81%D8%AE%D8%A7%D9%85%D8%A9%20%D8%B1%D8%A6%D9%8A%D8%B3%20%D9%88%D8%B2%D8%B1%D8%A7%D8%A1%20%D8%A7%D9%84%D8%AC%D9%85%D9%87%D9%88%D8%B1%D9%8A%D8%A9%20%D8%A7%D9%84%D8%AA%D8%B1%D9%83%D9%8A%D8%A9&info=YVdROU5EWXpOVEltYzI5MWNtTmxQVk4xWWxCaFoyVW1kSGx3WlQweEpuaHRiR2xrUFNZPSt1.Syr
150729 (MB) Statement,,Statement,Syrian Muslim Brotherhood,SMB,15,7,29,,161215,URL: web.archive.org/web/20160412134354/http://ikhwansyria.com/Portals/Content/?Name=%D8%AA%D8%B9%D8%B2%D9%8A%D8%A9%20%D9%81%D9%8A%D9%84%D9%82%20%D8%A7%D9%84%D8%B4%D8%A7%D9%85%20%D8%A8%D8%A7%D8%B3%D8%AA%D8%B4%D9%87%D8%A7%D8%AF%20%D8%A7%D9%84%D9%82%D8%A7%D8%A6%D8%AF%20%D9%85%D8%A7%D8%B2%D9%86%20%D9%82%D8%B3%D9%88%D9%85&info=YVdROU5EWXpOemdtYzI5MWNtTmxQVk4xWWxCaFoyVW1kSGx3WlQweEpuaHRiR2xrUFNZPSt1.Syr
150809 (MB) Statement,,Statement,Syrian Muslim Brotherhood,SMB,15,8,9,,161215,URL: web.archive.org/web/20160412163833/http://ikhwansyria.com/Portals/Content/?Name=%D8%A7%D8%B3%D8%AA%D9%86%D9%83%D8%A7%D8%B1%20%D9%84%D9%84%D8%AA%D8%B5%D8%B1%D9%8A%D8%AD%D8%A7%D8%AA%20%D8%A7%D9%84%D8%A5%D9%8A%D8%B1%D8%A7%D9%86%D9%8A%D8%A9%20%D8%AA%D8%AC%D8%A7%D9%87%20%D8%A3%D8%B4%D9%82%D8%A7%D8%A6%D9%86%D8%A7%20%D9%81%D9%8A%20%D8%A7%D9%84%D8%A8%D8%AD%D8%B1%D9%8A%D9%86&info=YVdROU5EWTBNRFFtYzI5MWNtTmxQVk4xWWxCaFoyVW1kSGx3WlQweEpuaHRiR2xrUFNZPSt1.Syr
150817 (MB) Statement,,Statement,Syrian Muslim Brotherhood,SMB,15,8,17,,161215,
150825 (MB) Statement,,Statement,Syrian Muslim Brotherhood,SMB,15,8,25,,161215,URL: web.archive.org/web/20160412154001/http://ikhwansyria.com/Portals/Content/?Name=%D8%AF%D9%88%D9%85%D8%A7%20%D8%AA%D8%A8%D8%A7%D8%AF%20%D8%A8%D9%85%D8%B4%D8%A7%D8%B1%D9%83%D8%A9%20%D8%A5%D9%8A%D8%B1%D8%A7%D9%86%D9%8A%D8%A9%20%D9%88%D8%B1%D9%88%D8%B3%D9%8A%D8%A9%20%D9%88%D8%B5%D9%85%D8%AA%20%D8%BA%D8%B1%D8%A8%D9%8A&info=YVdROU5EWTFOamttYzI5MWNtTmxQVk4xWWxCaFoyVW1kSGx3WlQweEpuaHRiR2xrUFNZPSt1.Syr
150906 (MB) Statement,,Statement,Syrian Muslim Brotherhood,SMB,15,9,6,,161215,URL: web.archive.org/web/20160412191609/http://ikhwansyria.com/Portals/Content/?Name=%D8%AA%D9%88%D8%B6%D9%8A%D8%AD%20%D9%84%D9%85%D8%A7%20%D9%86%D8%B4%D8%B1%D8%AA%D9%87%20%D8%A8%D8%B9%D8%B6%20%D8%A7%D9%84%D9%88%D8%B3%D8%A7%D8%A6%D9%84%20%D8%A7%D9%84%D8%A5%D8%B9%D9%84%D8%A7%D9%85%D9%8A%D8%A9%20%D8%AD%D9%88%D9%84%20%D8%A7%D9%84%D8%AC%D9%85%D8%A7%D8%B9%D8%A9&info=YVdROU5EWTJNelltYzI5MWNtTmxQVk4xWWxCaFoyVW1kSGx3WlQweEpuaHRiR2xrUFNZPSt1.Syr
150912 (MB) Statement,,Statement,Syrian Muslim Brotherhood,SMB,15,9,12,,161215,URL: web.archive.org/web/20160412191555/http://ikhwansyria.com/Portals/Content/?Name=%D9%85%D9%88%D9%82%D9%81%D9%86%D8%A7%20%D9%85%D9%86%20%D8%A7%D9%84%D8%A8%D9%8A%D8%A7%D9%86%20%D8%A7%D9%84%D8%B1%D8%A6%D8%A7%D8%B3%D9%8A%20%D9%84%D9%85%D8%AC%D9%84%D8%B3%20%D8%A7%D9%84%D8%A3%D9%85%D9%86%20%D9%88%D8%AE%D8%B7%D9%91%D8%A9%20%D8%AF%D9%8A%20%D9%85%D9%8A%D8%B3%D8%AA%D9%88%D8%B1%D8%A7&info=YVdROU5EWTNPREltYzI5MWNtTmxQVk4xWWxCaFoyVW1kSGx3WlQweEpuaHRiR2xrUFNZPSt1.Syr
150912b (MB) Statement,,Statement,Syrian Muslim Brotherhood,SMB,15,9,12,,161215,URL: web.archive.org/web/20160412152318/http://ikhwansyria.com/Portals/Content/?Name=%D9%85%D9%88%D9%82%D9%81%D9%86%D8%A7%20%D9%85%D9%86%20%D8%A7%D9%84%D8%A7%D8%AD%D8%AA%D9%84%D8%A7%D9%84%20%D8%A7%D9%84%D8%B1%D9%88%D8%B3%D9%8A..&info=YVdROU5EWTROVFltYzI5MWNtTmxQVk4xWWxCaFoyVW1kSGx3WlQweEpuaHRiR2xrUFNZPSt1.Syr
150917 (MB) Statement,,Statement,Syrian Muslim Brotherhood,SMB,15,9,17,,161215,URL: web.archive.org/web/20160412152346/http://ikhwansyria.com/Portals/Content/?Name=%D8%AA%D8%B9%D8%B2%D9%8A%D8%A9%20%D9%81%D9%8A%20%D9%85%D8%B5%D8%A7%D8%A8%20%D8%AD%D8%AC%D9%8A%D8%AC%20%D8%A8%D9%8A%D8%AA%20%D8%A7%D9%84%D9%84%D9%87%20%D8%A7%D9%84%D8%AD%D8%B1%D8%A7%D9%85&info=YVdROU5EWTROVFVtYzI5MWNtTmxQVk4xWWxCaFoyVW1kSGx3WlQweEpuaHRiR2xrUFNZPSt1.Syr
150921 (MB) Statement,,Statement,Syrian Muslim Brotherhood,SMB,15,9,21,,161215,URL: web.archive.org/web/20160412132440/http://ikhwansyria.com/Portals/Content/?Name=%D9%86%D8%B8%D8%A7%D9%85%20%D8%A7%D9%84%D8%AC%D8%B1%D9%8A%D9%85%D8%A9%20%D9%8A%D8%AD%D8%AA%D9%85%D9%8A%20%D8%A8%D8%A7%D9%84%D8%A3%D9%82%D9%84%D9%91%D9%8A%D8%A7%D8%AA..%20%D9%84%D8%A7%20%D9%8A%D8%AD%D9%85%D9%8A%D9%87%D8%A7!&info=YVdROU5EWTRPRFltYzI5MWNtTmxQVk4xWWxCaFoyVW1kSGx3WlQweEpuaHRiR2xrUFNZPSt1.Syr
150925 (MB) Statement,,Statement,Syrian Muslim Brotherhood,SMB,15,9,25,,161215,URL: web.archive.org/web/20160412104118/http://ikhwansyria.com/Portals/Content/?Name=%D8%A7%D9%84%D9%82%D8%AF%D8%B3%20%D9%88%D8%AF%D9%85%D8%B4%D9%82..%20%D9%84%D8%A7%20%D8%A8%D8%AF%20%D9%85%D9%86%20%D8%A7%D9%84%D8%A7%D9%86%D8%AA%D8%B5%D8%A7%D8%B1%20%D9%88%D8%A5%D9%86%20%D8%B7%D8%A7%D9%84%20%D8%A7%D9%84%D8%A3%D9%84%D9%85!&info=YVdROU5EWTRPRGNtYzI5MWNtTmxQVk4xWWxCaFoyVW1kSGx3WlQweEpuaHRiR2xrUFNZPSt1.Syr
151003 (MB) Statement,,Statement,Syrian Muslim Brotherhood,SMB,15,10,3,,161215,URL: web.archive.org/web/20160412143929/http://ikhwansyria.com/Portals/Content/?Name=%D8%A5%D8%AD%D8%AA%D9%84%D8%A7%D9%84%20%D8%B1%D9%88%D8%B3%D9%8A%20%D8%B3%D9%88%D9%81%20%D9%8A%D8%AF%D9%81%D8%B9%D9%87%20%D8%A7%D9%84%D8%B4%D8%B9%D8%A8%20%D8%A7%D9%84%D8%B3%D9%88%D8%B1%D9%8A%20%D8%A8%D8%A7%D9%84%D8%AC%D9%87%D8%A7%D8%AF&info=YVdROU5EWTRPVEFtYzI5MWNtTmxQVk4xWWxCaFoyVW1kSGx3WlQweEpuaHRiR2xrUFNZPSt1.Syr
151003b (MB) Statement,,Statement,Syrian Muslim Brotherhood,SMB,15,10,3,,161215,URL: web.archive.org/web/20160412152332/http://ikhwansyria.com/Portals/Content/?Name=%D8%B1%D9%88%D8%B3%D9%8A%D8%A7%20%D8%AA%D8%AE%D8%AA%D8%A7%D8%B1%20%D8%A7%D9%84%D8%AD%D8%B3%D9%85%20%D8%A7%D9%84%D8%B9%D8%B3%D9%83%D8%B1%D9%8A%20%D9%88%D8%AA%D9%81%D8%AC%D9%91%D8%B1%20%D8%AE%D8%B7%D9%91%D8%A9%20%D8%A7%D9%84%D9%85%D8%A8%D8%B9%D9%88%D8%AB%20%D8%A7%D9%84%D8%AF%D9%88%D9%84%D9%8A%20%D8%AF%D9%8A%D9%85%D8%B3%D8%AA%D9%88%D8%B1%D8%A7!&info=YVdROU5EWTRPRGttYzI5MWNtTmxQVk4xWWxCaFoyVW1kSGx3WlQweEpuaHRiR2xrUFNZPSt1.Syr
151007 (MB) Statement,,Statement,Syrian Muslim Brotherhood,SMB,15,10,7,,161215,URL: web.archive.org/web/20160412130731/http://ikhwansyria.com/Portals/Content/?Name=%D8%AC%D9%85%D8%A7%D8%B9%D8%A9%20%D8%A7%D9%84%D8%A5%D8%AE%D9%88%D8%A7%D9%86%20%D8%A7%D9%84%D9%85%D8%B3%D9%84%D9%85%D9%8A%D9%86%20%D9%81%D9%8A%20%D8%B3%D9%88%D8%B1%D9%8A%D8%A9%20%D8%AA%D9%86%D8%B9%D9%89%20%D8%A5%D8%A8%D9%86%D9%87%D8%A7%20%D8%A7%D9%84%D8%A8%D8%A7%D8%B1%20%D8%A7%D9%84%D8%AF%D9%83%D8%AA%D9%88%D8%B1%20%D8%AC%D9%87%D8%A7%D8%AF%20%D8%A7%D9%84%D9%81%D8%B1%D8%A7&info=YVdROU5EWTRPVFltYzI5MWNtTmxQVk4xWWxCaFoyVW1kSGx3WlQweEpuaHRiR2xrUFNZPSt1.Syr
151026 (MB) Statement,,Statement,Syrian Muslim Brotherhood,SMB,15,10,26,,161215,URL: web.archive.org/web/20160412154049/http://ikhwansyria.com/Portals/Content/?Name=%D8%A7%D9%84%D8%B4%D9%87%D9%8A%D8%AF%20%D8%A7%D9%84%D9%82%D8%A7%D8%A6%D8%AF%20%D8%A3%D8%A8%D9%88%20%D8%B3%D9%84%D9%8A%D9%85%20%D8%AC%D9%88%D9%84%D8%A7%D9%82..%20%D8%A8%D8%B7%D9%84%20%D8%A7%D9%84%D8%AB%D9%88%D8%B1%D8%AA%D9%8A%D9%86%20%D8%A7%D9%84%D8%B3%D9%88%D8%B1%D9%8A%D8%AA%D9%8A%D9%86&info=YVdROU5EY3pOVFVtYzI5MWNtTmxQVk4xWWxCaFoyVW1kSGx3WlQweEpuaHRiR2xrUFNZPSt1.Syr
151102 (MB) Statement,,Statement,Syrian Muslim Brotherhood,SMB,15,11,2,,161215,URL: web.archive.org/web/20160412163829/http://ikhwansyria.com/Portals/Content/?Name=%D8%B1%D8%B3%D8%A7%D9%84%D8%A9%20%D8%AA%D9%87%D9%86%D8%A6%D8%A9%20%D9%85%D9%86%20%D8%A7%D9%84%D9%85%D8%B1%D8%A7%D9%82%D8%A8%20%D8%A7%D9%84%D8%B9%D8%A7%D9%85%20%D9%84%D8%AC%D9%85%D8%A7%D8%B9%D8%A9%20%D8%A7%D9%84%D8%A5%D8%AE%D9%88%D8%A7%D9%86%20%D8%A7%D9%84%D9%85%D8%B3%D9%84%D9%85%D9%8A%D9%86%20%D9%81%D9%8A%20%D8%B3%D9%88%D8%B1%D9%8A%D8%A9%20%D8%A5%D9%84%D9%89%20%D8%AA%D8%B1%D9%83%D9%8A%D8%A7%20%D8%AD%D9%83%D9%88%D9%85%D8%A9%20%D9%88%D8%B4%D8%B9%D8%A8%D8%A7&info=YVdROU5EY3hNVEVtYzI5MWNtTmxQVk4xWWxCaFoyVW1kSGx3WlQweEpuaHRiR2xrUFNZPSt1.Syr
151104 (MB) Statement,,Statement,Syrian Muslim Brotherhood,SMB,15,11,4,,161215,URL: web.archive.org/web/20160412161914/http://ikhwansyria.com/Portals/Content/?Name=%D9%85%D8%A4%D8%AA%D9%85%D8%B1%20%D9%81%D9%8A%D9%8A%D9%86%D8%A7%20%D8%B9%D8%A8%D8%AB%20%D8%A8%D9%85%D8%B3%D8%AA%D9%82%D8%A8%D9%84%20%D8%B3%D9%88%D8%B1%D9%8A%D8%A9%20%D9%88%D9%84%D8%A7%20%D9%85%D8%A8%D8%A7%D9%84%D8%A7%D8%A9%20%D8%A8%D8%B3%D9%81%D9%83%20%D8%AF%D9%85%D8%A7%D8%A1%20%D8%A7%D9%84%D8%B3%D9%88%D8%B1%D9%8A%D9%8A%D9%86&info=YVdROU5EY3hNamNtYzI5MWNtTmxQVk4xWWxCaFoyVW1kSGx3WlQweEpuaHRiR2xrUFNZPSt1.Syr
151112 (MB) Statement,,Statement,Syrian Muslim Brotherhood,SMB,15,11,12,,161215,URL: web.archive.org/web/20160412190731/http://ikhwansyria.com/Portals/Content/?Name=%D8%AA%D8%B5%D8%B1%D9%8A%D8%AD%20%D8%A5%D8%B9%D9%84%D8%A7%D9%85%D9%8A&info=YVdROU5EY3lNRE1tYzI5MWNtTmxQVk4xWWxCaFoyVW1kSGx3WlQweEpuaHRiR2xrUFNZPSt1.Syr
151114 (MB) Statement,,Statement,Syrian Muslim Brotherhood,SMB,15,11,14,,161215,URL: web.archive.org/web/20160412190749/http://ikhwansyria.com/Portals/Content/?Name=%D9%87%D8%B0%D8%A7%20%D8%A7%D9%84%D8%A5%D8%B1%D9%87%D8%A7%D8%A8%20%D9%85%D8%B1%D9%81%D9%88%D8%B6%20%D9%81%D9%8A%20%D9%83%D9%84%D9%91%20%D8%B2%D9%85%D8%A7%D9%86%20%D9%88%D8%A3%D9%8A%D9%91%20%D9%85%D9%83%D8%A7%D9%86&info=YVdROU5EY3lNekFtYzI5MWNtTmxQVk4xWWxCaFoyVW1kSGx3WlQweEpuaHRiR2xrUFNZPSt1.Syr
151125  (MB) Statement,,Statement,Syrian Muslim Brotherhood,SMB,15,11,25,,161215,URL: web.archive.org/web/20160412143827/http://ikhwansyria.com/Portals/Content/?Name=%D9%8A%D9%88%D9%85%20%D8%B9%D8%A7%D9%84%D9%85%D9%8A%20%D9%84%D9%84%D9%82%D8%B6%D8%A7%D8%A1%20%D8%B9%D9%84%D9%89%20%D8%A7%D9%84%D8%B9%D9%86%D9%81%20%D8%B6%D8%AF%20%D8%A7%D9%84%D9%85%D8%B1%D8%A3%D8%A9!!&info=YVdROU5EY3pOVFltYzI5MWNtTmxQVk4xWWxCaFoyVW1kSGx3WlQweEpuaHRiR2xrUFNZPSt1.Syr
151209  (MB) Statement,,Statement,Syrian Muslim Brotherhood,SMB,15,12,9,,161215,URL: web.archive.org/web/20160412163820/http://ikhwansyria.com/Portals/Content/?Name=%D9%82%D8%B1%D8%A7%D8%B1%D8%A7%D8%AA%20%D9%85%D8%AC%D9%84%D8%B3%20%D8%A7%D9%84%D8%A3%D9%85%D9%86%20%D8%AA%D8%B4%D8%B1%D8%B9%D9%86%20%D8%A7%D9%84%D8%A5%D8%B1%D9%87%D8%A7%D8%A8%20%D8%A7%D9%84%D8%B1%D9%88%D8%B3%D9%8A&info=YVdROU5EYzBPRFVtYzI5MWNtTmxQVk4xWWxCaFoyVW1kSGx3WlQweEpuaHRiR2xrUFNZPSt1.Syr
151213  (MB) Statement,,Statement,Syrian Muslim Brotherhood,SMB,15,12,13,,161215,URL: web.archive.org/web/20160412191614/http://ikhwansyria.com/Portals/Content/?Name=%D9%85%D9%88%D9%82%D9%81%20%D8%AC%D9%85%D8%A7%D8%B9%D8%A9%20%D8%A7%D9%84%D8%A5%D8%AE%D9%88%D8%A7%D9%86%20%D8%A7%D9%84%D9%85%D8%B3%D9%84%D9%85%D9%8A%D9%86%20%D9%81%D9%8A%20%D8%B3%D9%88%D8%B1%D9%8A%D8%A9%20%D9%85%D9%86%20%D9%85%D8%A4%D8%AA%D9%85%D8%B1%20%D8%A7%D9%84%D8%B1%D9%8A%D8%A7%D8%B6%20%D9%84%D9%84%D9%85%D8%B9%D8%A7%D8%B1%D8%B6%D8%A9%20%D8%A7%D9%84%D8%B3%D9%88%D8%B1%D9%8A%D8%A9&info=YVdROU5EYzBOREltYzI5MWNtTmxQVk4xWWxCaFoyVW1kSGx3WlQweEpuaHRiR2xrUFNZPSt1.Syr
151225  (MB) Statement,,Statement,Syrian Muslim Brotherhood,SMB,15,12,25,,161215,URL: web.archive.org/web/20160412143853/http://ikhwansyria.com/Portals/Content/?Name=%D8%A7%D9%84%D8%B4%D9%8A%D8%AE%20%D8%A7%D9%84%D8%B4%D9%87%D9%8A%D8%AF%20%D8%B2%D9%87%D8%B1%D8%A7%D9%86%20%D8%B9%D9%84%D9%88%D8%B4%20%D9%8A%D9%86%D8%AB%D8%B1%20%D8%AF%D9%85%D9%87%20%D8%A7%D9%84%D8%B7%D8%A7%D9%87%D8%B1%20%D8%B9%D9%84%D9%89%20%D8%AB%D8%B1%D9%89%20%D8%A7%D9%84%D8%BA%D9%88%D8%B7%D8%A9&info=YVdROU5EYzFNREFtYzI5MWNtTmxQVk4xWWxCaFoyVW1kSGx3WlQweEpuaHRiR2xrUFNZPSt1.Syr
151230  (MB) Statement,,Statement,Syrian Muslim Brotherhood,SMB,15,12,30,,161215,URL: web.archive.org/web/20160412132408/http://ikhwansyria.com/Portals/Content/?Name=%D9%82%D8%B1%D8%A7%D8%B1%20%D9%84%D8%A7%20%D9%8A%D8%B1%D9%82%D9%89%20%D9%84%D8%AA%D8%AD%D9%82%D9%8A%D9%82%20%D9%85%D8%B7%D8%A7%D9%84%D8%A8%20%D8%A7%D9%84%D8%B4%D8%B9%D8%A8%20%D8%A7%D9%84%D8%B3%D9%88%D8%B1%D9%8A&info=YVdROU5EYzFNelltYzI5MWNtTmxQVk4xWWxCaFoyVW1kSGx3WlQweEpuaHRiR2xrUFNZPSt1.Syr
160105  (MB) Statement,,Statement,Syrian Muslim Brotherhood,SMB,16,1,5,,161215,URL: web.archive.org/web/20160412132419/http://ikhwansyria.com/Portals/Content/?Name=%D8%AD%D9%88%D9%84%20%D9%82%D8%B7%D8%B9%20%D8%A7%D9%84%D8%B3%D8%B9%D9%88%D8%AF%D9%8A%D8%A9%20%D8%B9%D9%84%D8%A7%D9%82%D8%A7%D8%AA%D9%87%D8%A7%20%D8%A7%D9%84%D8%AF%D8%A8%D9%84%D9%88%D9%85%D8%A7%D8%B3%D9%8A%D8%A9%20%D9%85%D8%B9%20%D8%A5%D9%8A%D8%B1%D8%A7%D9%86&info=YVdROU5EYzFOekltYzI5MWNtTmxQVk4xWWxCaFoyVW1kSGx3WlQweEpuaHRiR2xrUFNZPSt1.Syr
160112  (MB) Statement,,Statement,Syrian Muslim Brotherhood,SMB,16,1,12,,161215,URL: web.archive.org/web/20160412143817/http://ikhwansyria.com/Portals/Content/?Name=%D8%A7%D9%84%D8%AC%D8%A8%D9%86%D8%A7%D8%A1%20%D9%8A%D8%B3%D8%AA%D9%87%D8%AF%D9%81%D9%88%D9%86%20%D8%AA%D8%B1%D9%83%D9%8A%D8%A7%20%D9%84%D8%A3%D9%86%D9%91%D9%87%D8%A7%20%D8%AA%D9%82%D9%81%20%D9%85%D8%B9%20%D9%85%D8%B7%D8%A7%D9%84%D8%A8%20%D8%A7%D9%84%D8%B4%D8%B9%D9%88%D8%A8%20%D9%88%D8%AD%D8%B1%D9%91%D9%8A%D8%AA%D9%87%D8%A7&info=YVdROU5EYzJOREVtYzI5MWNtTmxQVk4xWWxCaFoyVW1kSGx3WlQweEpuaHRiR2xrUFNZPSt1.Syr
160130 (MB) Statement,,Statement,Syrian Muslim Brotherhood,SMB,16,1,30,,161215,URL: web.archive.org/web/20160412130737/http://ikhwansyria.com/Portals/Content/?Name=%D8%A5%D9%84%D9%89%20%D8%A7%D9%84%D9%87%D9%8A%D8%A6%D8%A9%20%D8%A7%D9%84%D8%B9%D9%84%D9%8A%D8%A7%20%D9%84%D9%84%D9%85%D9%81%D8%A7%D9%88%D8%B6%D8%A7%D8%AA..%20%D8%B4%D8%B1%D8%B9%D9%8A%D9%91%D8%AA%D9%83%D9%85%20%D8%AA%D8%AA%D9%85%D8%AB%D9%91%D9%84%20%D8%A8%D8%AA%D8%AD%D9%82%D9%82%20%D9%85%D8%B7%D8%A7%D9%84%D8%A8%20%D8%A7%D9%84%D8%B4%D8%B9%D8%A8%20%D9%88%D8%A3%D9%87%D8%AF%D8%A7%D9%81%20%D8%A7%D9%84%D8%AB%D9%88%D8%B1%D8%A9&info=YVdROU5EYzNPVFltYzI5MWNtTmxQVk4xWWxCaFoyVW1kSGx3WlQweEpuaHRiR2xrUFNZPSt1.Syr
160218 (MB) Statement,,Statement,Syrian Muslim Brotherhood,SMB,16,2,18,,161215,URL: web.archive.org/web/20160412161904/http://ikhwansyria.com/Portals/Content/?Name=%D8%AA%D8%AD%D8%A7%D9%84%D9%81%20%D8%A7%D9%84%D8%A5%D8%B1%D9%87%D8%A7%D8%A8%20%D8%A7%D9%84%D8%A3%D8%B3%D8%AF%D9%8A%20%D8%A7%D9%84%D8%B1%D9%88%D8%B3%D9%8A%20%D8%A7%D9%84%D8%A5%D9%8A%D8%B1%D8%A7%D9%86%D9%8A%20%D9%88%D8%A3%D8%AA%D8%A8%D8%A7%D8%B9%D9%87%D9%85%20%D9%8A%D8%B6%D8%B1%D8%A8%20%D8%AA%D8%B1%D9%83%D9%8A%D8%A7%20%D8%A7%D9%84%D8%B4%D9%82%D9%8A%D9%82%D8%A9&info=YVdROU5EZ3dNelVtYzI5MWNtTmxQVk4xWWxCaFoyVW1kSGx3WlQweEpuaHRiR2xrUFNZPSt1.Syr
160223 (MB) Statement,,Statement,Syrian Muslim Brotherhood,SMB,16,2,23,,161215,URL: web.archive.org/web/20160412192736/http://ikhwansyria.com/Portals/Content/?Name=%D8%A8%D9%8A%D8%A7%D9%86%20%D9%85%D8%AC%D9%84%D8%B3%20%D8%A7%D9%84%D8%B4%D9%88%D8%B1%D9%89%20%D9%84%D8%AC%D9%85%D8%A7%D8%B9%D8%A9%20%D8%A7%D9%84%D8%A5%D8%AE%D9%88%D8%A7%D9%86%20%D8%A7%D9%84%D9%85%D8%B3%D9%84%D9%85%D9%8A%D9%86%20%D9%81%D9%8A%20%D8%B3%D9%88%D8%B1%D9%8A%D8%A9&info=YVdROU5EZ3dOamdtYzI5MWNtTmxQVk4xWWxCaFoyVW1kSGx3WlQweEpuaHRiR2xrUFNZPSt1.Syr
160226  (MB) Statement,,Statement,Syrian Muslim Brotherhood,SMB,16,2,26,,161215,URL: web.archive.org/web/20160412122754/http://ikhwansyria.com/Portals/Content/?Name=%D8%AC%D9%85%D8%A7%D8%B9%D8%A9%20%D8%A7%D9%84%D8%A5%D8%AE%D9%88%D8%A7%D9%86%20%D8%A7%D9%84%D9%85%D8%B3%D9%84%D9%85%D9%8A%D9%86%20%D9%81%D9%8A%20%D8%B3%D9%88%D8%B1%D9%8A%D8%A9%20%D8%AA%D9%86%D8%B9%D9%89%20%D8%A7%D9%84%D8%B4%D9%8A%D8%AE%20%D8%AD%D9%85%D9%88%D8%AF%20%D9%87%D8%A7%D8%B4%D9%85%20%D8%A7%D9%84%D8%B0%D8%A7%D8%B1%D8%AD%D9%8A%20%D8%B1%D8%AD%D9%85%D9%87%20%D8%A7%D9%84%D9%84%D9%87&info=YVdROU5EZ3hNVGNtYzI5MWNtTmxQVk4xWWxCaFoyVW1kSGx3WlQweEpuaHRiR2xrUFNZPSt1.Syr
160306  (MB) Statement,,Statement,Syrian Muslim Brotherhood,SMB,16,3,6,,161215,URL: web.archive.org/web/20160412154115/http://ikhwansyria.com/Portals/Content/?Name=%D8%AC%D9%85%D8%A7%D8%B9%D8%A9%20%D8%A7%D9%84%D8%A5%D8%AE%D9%88%D8%A7%D9%86%20%D8%A7%D9%84%D9%85%D8%B3%D9%84%D9%85%D9%8A%D9%86%20%D9%81%D9%8A%20%D8%B3%D9%88%D8%B1%D9%8A%D8%A9%20%D8%AA%D9%86%D8%B9%D9%89%20%D8%A7%D9%84%D8%B2%D8%B9%D9%8A%D9%85%20%D8%A7%D9%84%D8%AF%D9%83%D8%AA%D9%88%D8%B1%20%D8%AD%D8%B3%D9%86%20%D8%A7%D9%84%D8%AA%D8%B1%D8%A7%D8%A8%D9%8A&info=YVdROU5EZ3hPVGdtYzI5MWNtTmxQVk4xWWxCaFoyVW1kSGx3WlQweEpuaHRiR2xrUFNZPSt1.Syr
160314  (MB) Statement,,Statement,Syrian Muslim Brotherhood,SMB,16,3,14,,161215,URL: web.archive.org/web/20160412131724/http://ikhwansyria.com/Portals/Content/?Name=%D8%AA%D8%B1%D9%83%D9%8A%D8%A7%20%D9%84%D9%86%20%D8%AA%D8%B1%D9%83%D8%B9%20%D8%A3%D9%85%D8%A7%D9%85%20%D9%87%D8%B0%D8%A7%20%D8%A7%D9%84%D8%A5%D8%B1%D9%87%D8%A7%D8%A8%20%D8%A7%D9%84%D8%A3%D8%B3%D9%88%D8%AF&info=YVdROU5EZ3lPRE1tYzI5MWNtTmxQVk4xWWxCaFoyVW1kSGx3WlQweEpuaHRiR2xrUFNZPSt1.Syr
160610  (MB) Statement,,Statement,Syrian Muslim Brotherhood,SMB,16,6,10,,161215,URL: web.archive.org/web/20131110020652/http://ikhwansyria.com/Portals/Content/?Name=%D8%B3%D9%88%D8%B1%D9%8A%D8%A9%20%D9%88%D8%B7%D9%86%20%D9%85%D8%B3%D8%AA%D8%A8%D8%A7%D8%AD%20%D9%88%D8%B4%D8%B9%D8%A8%20%D9%85%D9%86%D9%83%D9%88%D8%A8&info=YVdROU16WXlORFVtYzI5MWNtTmxQVk4xWWxCaFoyVW1kSGx3WlQweEpuaHRiR2xrUFNZPSt1.Syr
160713 (MB) Statement,,Statement,Syrian Muslim Brotherhood,SMB,16,7,13,,161215,
160716 (MB) Statement,,Statement,Syrian Muslim Brotherhood,SMB,16,7,16,,161215,
160720 (MB) Statement,,Statement,Syrian Muslim Brotherhood,SMB,16,7,20,,161215,
160721 (MB) Statement,,Statement,Syrian Muslim Brotherhood,SMB,16,7,21,,161215,
160729 (MB) Statement,,Statement,Syrian Muslim Brotherhood,SMB,16,7,29,,161215,
160807 (MB) Statement,,Statement,Syrian Muslim Brotherhood,SMB,16,7,7,,161215,
160811 (MB) Statement,,Statement,Syrian Muslim Brotherhood,SMB,16,8,11,,161215,
160819 (MB) Statement,,Statement,Syrian Muslim Brotherhood,SMB,16,8,19,,161215,
160824 (MB) Statement,,Statement,Syrian Muslim Brotherhood,SMB,16,8,24,,161215,
160827 (MB) Statement,,Statement,Syrian Muslim Brotherhood,SMB,16,8,27,,161215,
160911 (MB) Statement,,Statement,Syrian Muslim Brotherhood,SMB,16,9,11,,161215,
160915 (MB) Statement,,Statement,Syrian Muslim Brotherhood,SMB,16,9,15,,161215,
160919 (MB) Statement,,Statement,Syrian Muslim Brotherhood,SMB,16,9,19,,161215,
160922 (MB) Statement,,Statement,Syrian Muslim Brotherhood,SMB,16,9,22,,161215,
160926 (MB) Statement,,Statement,Syrian Muslim Brotherhood,SMB,16,9,26,,161215,
160928 (MB) Statement,,Statement,Syrian Muslim Brotherhood,SMB,16,9,28,,161215,
161006 (MB) Statement,,Statement,Syrian Muslim Brotherhood,SMB,16,10,6,,161215,
161008 (MB) Statement,,Statement,Syrian Muslim Brotherhood,SMB,16,10,8,,161215,
161011 (MB) Statement,,Statement,Syrian Muslim Brotherhood,SMB,16,10,11,,161215,
161211 (MB) Statement,,Statement,Syrian Muslim Brotherhood,SMB,16,12,11,,161215,
161214  (MB) Statement,,Statement,Syrian Muslim Brotherhood,SMB,16,12,14,,161215,URL: web.archive.org/web/20160412152302/http://ikhwansyria.com/Portals/Content/?Name=%D8%A7%D9%84%D8%B1%D9%88%D8%B3%20%D9%82%D8%AA%D9%84%D8%A9%20%D8%A7%D9%84%D8%A3%D8%B7%D9%81%D8%A7%D9%84..%20%D9%88%D9%8A%D9%84%20%D9%84%D9%84%D8%B5%D8%A7%D9%85%D8%AA%D9%8A%D9%86%20%D9%85%D9%86%20%D8%AF%D9%85%20%D9%82%D8%AF%20%D8%A7%D9%86%D8%B3%D9%83%D8%A8&info=YVdROU5EYzBORE1tYzI5MWNtTmxQVk4xWWxCaFoyVW1kSGx3WlQweEpuaHRiR2xrUFNZPSt1.Syr
161226 (MB) Statement,,Statement,Syrian Muslim Brotherhood,SMB,16,12,26,,170103,
161230 (MB) Statement,,Statement,Syrian Muslim Brotherhood,SMB,16,12,30,,170825,
170120 (MB) Statement,,Statement,Syrian Muslim Brotherhood,SMB,17,1,20,,170825,
170208 (MB) Statement,,Statement,Syrian Muslim Brotherhood,SMB,17,2,8,,170825,
170223 (MB) Statement,,Statement,Syrian Muslim Brotherhood,SMB,17,2,23,,170825,
170316b (MB) Statement,,Statement,Syrian Muslim Brotherhood,SMB,17,3,16,,170825,
170316 (MB) Statement,,Statement,Syrian Muslim Brotherhood,SMB,17,3,16,,170825,
170317 (MB) Statement,,Statement,Syrian Muslim Brotherhood,SMB,17,3,17,,170825,
170318 (MB) Statement,,Statement,Syrian Muslim Brotherhood,SMB,17,3,18,,170825,
170404 (MB) Statement,,Statement,Syrian Muslim Brotherhood,SMB,17,4,4,,170825,
170501 (MB) Statement,,Statement,Syrian Muslim Brotherhood,SMB,17,5,1,,170825,
170510 (MB) Statement,,Statement,Syrian Muslim Brotherhood,SMB,17,5,10,,170825,
170521 (MB) Statement,,Statement,Syrian Muslim Brotherhood,SMB,17,5,21,,170825,
170617 (MB) Statement,,Statement,Syrian Muslim Brotherhood,SMB,17,6,17,,170825,
170715 (MB) Statement,,Statement,Syrian Muslim Brotherhood,SMB,17,7,15,,170825,
170719 (MB) Statement,,Statement,Syrian Muslim Brotherhood,SMB,17,7,19,,170825,
170720 (MB) Statement,,Statement,Syrian Muslim Brotherhood,SMB,17,7,20,,170825,
170721 (MB) Statement,,Statement,Syrian Muslim Brotherhood,SMB,17,7,21,,170825,
170723 (MB) Statement,,Statement,Syrian Muslim Brotherhood,SMB,17,7,23,,170825,
170706 (MB) Statement,,Statement,Syrian Muslim Brotherhood,SMB,17,7,6,,170825,
170503.txt,To do,Statement,Hayat Tahrir al-Sham,HTS,17,5,3,,,telegram
170625.txt,To do,Statement,Hayat Tahrir al-Sham,HTS,17,6,25,,,telegram
170713 HTS.txt,To do,Statement,Hayat Tahrir al-Sham,HTS,17,7,13,,,telegram
170719 HTS.txt,To do,Statement,Hayat Tahrir al-Sham,HTS,17,7,19,,,telegram
170720 HTS.txt,To do,Statement,Hayat Tahrir al-Sham,HTS,17,7,20,,,telegram
170723.txt,To do,Statement,Hayat Tahrir al-Sham,HTS,17,7,23,,,telegram
170724.txt,To do,Statement,Hayat Tahrir al-Sham,HTS,17,7,24,,,telegram
170728.txt,To do,Statement,Hayat Tahrir al-Sham,HTS,17,7,28,,,telegram
170730.txt,To do,Statement,Hayat Tahrir al-Sham,HTS,17,7,30,,,telegram
170801.txt,To do,Statement,Hayat Tahrir al-Sham,HTS,17,8,1,,,telegram
170812.txt,To do,Statement,Hayat Tahrir al-Sham,HTS,17,8,12,,,telegram
170909.txt,To do,Statement,Hayat Tahrir al-Sham,HTS,17,9,9,,,telegram
170920.txt,To do,Statement,Hayat Tahrir al-Sham,HTS,17,9,20,,,telegram
170921.txt,To do,Statement,Hayat Tahrir al-Sham,HTS,17,9,21,,,telegram
171001.txt,To do,Statement,Hayat Tahrir al-Sham,HTS,17,10,1,,,telegram
171007.txt,To do,Statement,Hayat Tahrir al-Sham,HTS,17,10,7,,,telegram
171009.txt,To do,Statement,Hayat Tahrir al-Sham,HTS,17,10,9,,,telegram
171110.txt,To do,Statement,Hayat Tahrir al-Sham,HTS,17,11,10,,,telegram
171114 HTS.txt,To do,Statement,Hayat Tahrir al-Sham,HTS,17,11,14,,,telegram
171115.txt,To do,Statement,Hayat Tahrir al-Sham,HTS,17,11,15,,,telegram
171127.txt,To do,Statement,Hayat Tahrir al-Sham,HTS,17,11,27,,,telegram
171202.txt,To do,Statement,Hayat Tahrir al-Sham,HTS,17,12,2,,,telegram
171207.txt,To do,Statement,Hayat Tahrir al-Sham,HTS,17,12,7,,,telegram
171222.txt,To do,Statement,Hayat Tahrir al-Sham,HTS,17,12,22,,,telegram
180107.txt,To do,Statement,Hayat Tahrir al-Sham,HTS,18,1,7,,,telegram
180206.txt,To do,Statement,Hayat Tahrir al-Sham,HTS,18,2,6,,,telegram
180213.txt,To do,Statement,Hayat Tahrir al-Sham,HTS,18,2,13,,,telegram
180220.txt,To do,Statement,Hayat Tahrir al-Sham,HTS,18,2,20,,,telegram
180311.txt,To do,Statement,Hayat Tahrir al-Sham,HTS,18,3,11,,,telegram
180322.txt,To do,Statement,Hayat Tahrir al-Sham,HTS,18,3,22,,,telegram
180404.txt,To do,Statement,Hayat Tahrir al-Sham,HTS,18,4,4,,,telegram
180407.txt,To do,Statement,Hayat Tahrir al-Sham,HTS,18,4,7,,,telegram
180408.txt,To do,Statement,Hayat Tahrir al-Sham,HTS,18,4,8,,,telegram
180415.txt,To do,Statement,Hayat Tahrir al-Sham,HTS,18,4,15,,,telegram
130212 (AaS),,Statement,Ahrar al-Sham,AaS,13,2,12,,161125,https://web.archive.org/web/20140604010707/http://ahraralsham.net/?p=232
130430 (AaS),,Statement,Ahrar al-Sham,AaS,13,4,30,,161125,https://web.archive.org/web/20140604010755/http://ahraralsham.net/?p=1278
130519 (AaS),,Statement,Ahrar al-Sham,AaS,13,5,19,,161125,https://web.archive.org/web/20140603105258/http://ahraralsham.net/?p=1487
130622 (AaS),,Statement,Ahrar al-Sham,AaS,13,6,21,,161125,https://web.archive.org/web/20140604010739/http://ahraralsham.net/?p=1790
130811 (AaS),,Statement,Ahrar al-Sham,AaS,13,8,11,,161125,https://web.archive.org/web/20140603105200/http://ahraralsham.net/?p=2169
130918 (AaS),,Statement,Ahrar al-Sham,AaS,13,9,18,,161125,https://web.archive.org/web/20140603105728/http://ahraralsham.net/?p=2724
130930 (AaS),,Statement,Ahrar al-Sham,AaS,13,9,30,,161125,https://web.archive.org/web/20140604010640/http://ahraralsham.net/?p=2857
131003 (AaS),,Statement,Ahrar al-Sham,AaS,13,10,3,,161125,https://web.archive.org/web/20140604010226/http://ahraralsham.net/?p=2941
131010 (AaS),,Statement,Ahrar al-Sham,AaS,13,10,10,,161125,https://web.archive.org/web/20140604010236/http://ahraralsham.net/?p=3092
131014a (AaS),,Statement,Ahrar al-Sham,AaS,13,10,14,,161125,https://web.archive.org/web/20140604010351/http://ahraralsham.net/?p=3155
131014b (AaS),,Statement,Ahrar al-Sham,AaS,13,10,14,,161125,https://web.archive.org/web/20140603111616/http://ahraralsham.net/?p=3165
131111 (AaS),,Statement,Ahrar al-Sham,AaS,13,11,11,,161125,https://web.archive.org/web/20140604010202/http://ahraralsham.net/?p=3749
131130 (AaS),,Statement,Ahrar al-Sham,AaS,13,11,30,,161125,https://web.archive.org/web/20140630180627/http://ahraralsham.net/?p=4002
140315 (AaS),,Statement,Ahrar al-Sham,AaS,14,3,15,,161125,https://web.archive.org/web/20140331094403/http://ahraralsham.net/?p=6985
141029 (AaS),,Statement,Ahrar al-Sham,AaS,14,10,29,,,
141106 (AaS),,Statement,Ahrar al-Sham,AaS,14,11,6,,,
141117 (AaS),,Statement,Ahrar al-Sham,AaS,14,11,17,,,
150130 (AaS),,Statement,Ahrar al-Sham,AaS,15,1,30,,,
150227 (AaS),,Statement,Ahrar al-Sham,AaS,15,2,27,,,
150306 (AaS),,Statement,Ahrar al-Sham,AaS,15,3,6,,,
150326 (AaS),,Statement,Ahrar al-Sham,AaS,15,3,26,,,
150418 (AaS),,Statement,Ahrar al-Sham,AaS,15,4,18,,,
150612 (AaS),,Statement,Ahrar al-Sham,AaS,15,6,12,,,
150627 (AaS),,Statement,Ahrar al-Sham,AaS,15,6,27,,,
140723 (AaS),,Statement,Ahrar al-Sham,AaS,14,7,23,,,
150805 (AaS),,Statement,Ahrar al-Sham,AaS,15,8,5,,,
150824a (AaS),,Statement,Ahrar al-Sham,AaS,15,8,24,,,
150824b (AaS),,Statement,Ahrar al-Sham,AaS,15,8,24,,,
150824c (AaS),,Statement,Ahrar al-Sham,AaS,15,8,24,,,
150912 (AaS),,Statement,Ahrar al-Sham,AaS,15,9,12,,,
151108 (AaS),,Statement,Ahrar al-Sham,AaS,15,11,8,,,
151210 (AaS),,Statement,Ahrar al-Sham,AaS,15,12,10,,,
160226 (AaS),,Statement,Ahrar al-Sham,AaS,16,2,26,,,
160416 (AaS),,Statement,Ahrar al-Sham,AaS,16,4,16,,,
160428 (AaS),,Statement,Ahrar al-Sham,AaS,16,4,28,,,
160716 (AaS),,Statement,Ahrar al-Sham,AaS,16,7,16,,,
160721 (AaS),,Statement,Ahrar al-Sham,AaS,16,7,21,,,
AaS Allied Bombardment Civilians,         ,Statement,Ahrar al-Sham,AaS,16,7,19,,160809,http://ahraralsham.net/ar/news/193/%D8%A3%D8%AD%D8%B1%D8%A7%D8%B1%D8%A7%D9%84%D8%B4%D8%A7%D9%85--%D8%A8%D9%8A%D8%A7%D9%86-%D8%A8%D8%B4%D8%A3%D9%86-%D8%A7%D9%84%D9%82%D8%B5%D9%81-%D8%A7%D9%84%D8%B9%D8%B4%D9%88%D8%A7%D8%A6%D9%8A-%D9%84%D9%85%D8%AF%D9%8A%D9%86%D8%A9-%D9%85%D9%86%D8%A8%D8%AC-%D9%85%D9%86-%D9%82%D8%A8%D9%84-%D9%82%D9%88%D8%A7%D8%AA-%D8%A7%D9%84%D8%AA%D8%AD%D8%A7%D9%84%D9%81
AaS Ataturk Airport Attack,      ,Statement,Ahrar al-Sham,AaS,16,6,29,,160809,http://ahraralsham.net/ar/news/117/%D8%A3%D8%AD%D8%B1%D8%A7%D8%B1%D8%A7%D9%84%D8%B4%D8%A7%D9%85--%D8%A8%D9%8A%D8%A7%D9%86-%D8%AA%D8%B9%D9%80%D9%80%D8%B2%D9%8A%D8%A9-%D8%A8%D8%A7%D9%84%D8%AA%D9%81%D8%AC%D9%8A%D8%B1%D8%A7%D8%AA-%D8%A7%D9%84%D8%AA%D9%8A-%D8%B6%D8%B1%D8%A8%D8%AA-%D9%85%D8%B7%D8%A7%D8%B1-%D8%A3%D8%AA%D8%A7%D8%AA%D9%88%D8%B1%D9%83
AaS Attack Medina,          ,Statement,Ahrar al-Sham,AaS,16,7,5,,160809,http://ahraralsham.net/ar/news/128/%D8%A3%D8%AD%D8%B1%D8%A7%D8%B1%D8%A7%D9%84%D8%B4%D8%A7%D9%85--%D8%A8%D9%8A%D8%A7%D9%86-%D8%AD%D9%88%D9%84-%D8%A7%D9%84%D8%A7%D8%B9%D8%AA%D8%AF%D8%A7%D8%A1%D8%A7%D8%AA-%D8%A7%D9%84%D8%BA%D8%A7%D8%AF%D8%B1%D8%A9-%D8%B9%D9%84%D9%89-%D9%85%D8%AF%D9%8A%D9%86%D8%A9-%D8%A7%D9%84%D8%B1%D8%B3%D9%88%D9%84-%D8%B5%D9%84%D9%89-%D8%A7%D9%84%D9%84%D9%87-%D8%B9%D9%84%D9%8A%D9%87-%D9%88%D8%B3%D9%84%D9%85
AaS Bombardment Refugee Camp,           ,Statement,Ahrar al-Sham,AaS,16,5,5,,160809,http://ahraralsham.net/ar/news/47/%D8%A3%D8%AD%D8%B1%D8%A7%D8%B1%D8%A7%D9%84%D8%B4%D8%A7%D9%85--%D8%A8%D9%8A%D8%A7%D9%86-%D8%A8%D8%B4%D8%A3%D9%86-%D9%82%D8%B5%D9%81-%D9%85%D8%AE%D9%8A%D9%85%D8%A7%D8%AA-%D8%A7%D9%84%D9%84%D8%A7%D8%AC%D8%A6%D9%8A%D9%86-%D9%81%D9%8A-%D9%85%D9%86%D8%B7%D9%82%D8%A9-%D8%B3%D8%B1%D9%85%D8%AF%D8%A7-%D9%85%D9%86-%D9%82%D8%A8%D9%84-%D8%A7%D9%84%D9%86%D8%B8%D8%A7%D9%85-%D8%A7%D9%84%D8%A3%D8%B3%D8%AF%D9%8A
AaS Clarification Amnesty International Report,      ,Statement,Ahrar al-Sham,AaS,16,7,13,,160809,http://ahraralsham.net/ar/news/162/%D8%A3%D8%AD%D8%B1%D8%A7%D8%B1%D8%A7%D9%84%D8%B4%D8%A7%D9%85--%D8%A8%D9%8A%D8%A7%D9%86-%D8%AA%D9%88%D8%B6%D9%8A%D8%AD%D9%8A-%D8%A8%D8%B4%D8%A3%D9%86-%D8%AA%D9%82%D8%B1%D9%8A%D8%B1-%D9%85%D9%86%D8%B8%D9%85%D8%A9-%D8%A7%D9%84%D8%B9%D9%81%D9%88-%D8%A7%D9%84%D8%AF%D9%88%D9%84%D9%8A%D8%A9-1
AaS Clarifications Negotiator Assad,       ,Statement,Ahrar al-Sham,AaS,16,4,18,,160809,http://ahraralsham.net/ar/news/29/%D8%A3%D8%AD%D8%B1%D8%A7%D8%B1%D8%A7%D9%84%D8%B4%D8%A7%D9%85--%D8%AA%D9%88%D8%B6%D9%8A%D8%AD-%D8%A8%D8%B4%D8%A3%D9%86-%D8%AA%D8%B5%D8%B1%D9%8A%D8%AD%D8%A7%D8%AA-%D8%B1%D8%A6%D9%8A%D8%B3-%D9%88%D9%81%D8%AF-%D8%AA%D9%81%D8%A7%D9%88%D8%B6-%D8%A7%D9%84%D9%86%D8%B8%D8%A7%D9%85-%D8%A7%D9%84%D8%A3%D8%B3%D8%AF%D9%8A
AaS Creation Fustat Army,     ,Statement,Ahrar al-Sham,AaS,16,3,15,,160809,http://ahraralsham.net/ar/news/34/%D8%A3%D8%AD%D8%B1%D8%A7%D8%B1%D8%A7%D9%84%D8%B4%D8%A7%D9%85--%D8%A8%D9%8A%D8%A7%D9%86-%D8%A8%D8%AE%D8%B5%D9%88%D8%B5-%D8%A5%D8%B9%D9%84%D8%A7%D9%86-%D8%AA%D8%B4%D9%83%D9%8A%D9%84-%D8%AC%D9%8A%D8%B4-%D8%A7%D9%84%D9%81%D8%B3%D8%B7%D8%A7%D8%B7
AaS Daraya Attack,        ,Statement,Ahrar al-Sham,AaS,16,5,23,,160809,http://ahraralsham.net/ar/news/64/%D8%A3%D8%AD%D8%B1%D8%A7%D8%B1%D8%A7%D9%84%D8%B4%D8%A7%D9%85--%D8%A8%D9%8A%D8%A7%D9%86-%D8%A8%D8%B4%D8%A3%D9%86-%D8%A7%D9%84%D9%87%D8%AC%D9%85%D8%A9-%D8%B9%D9%84%D9%89-%D9%85%D8%AF%D9%8A%D9%86%D8%A9-%D8%AF%D8%A7%D8%B1%D9%8A%D8%A7-%D9%88-%D8%A7%D9%84%D9%85%D8%AF%D9%86-%D8%A7%D9%84%D9%85%D8%AD%D8%A7%D8%B5%D8%B1%D8%A9
AaS Fatah alSham,          ,Statement,Ahrar al-Sham,AaS,16,7,29,,160809,http://ahraralsham.net/ar/news/279/%D8%A3%D8%AD%D8%B1%D8%A7%D8%B1%D8%A7%D9%84%D8%B4%D8%A7%D9%85--%D8%A8%D9%8A%D8%A7%D9%86-%D8%AA%D8%B1%D8%AD%D9%8A%D8%A8-%D8%A8%D9%81%D9%83-%D8%A7%D9%84%D8%A7%D8%B1%D8%AA%D8%A8%D8%A7%D8%B7-%D8%A8%D8%AA%D9%86%D8%B8%D9%8A%D9%85-%D8%A7%D9%84%D9%82%D8%A7%D8%B9%D8%AF%D8%A9-%D9%88-%D8%A5%D8%B9%D9%84%D8%A7%D9%86-%D8%AC%D8%A8%D9%87%D8%A9-%D9%81%D8%AA%D8%AD-%D8%A7%D9%84%D8%B4%D8%A7%D9%85
AaS Hudna Ghuta Sharqiya,      ,Statement,Ahrar al-Sham,AaS,16,5,4,,160809,http://ahraralsham.net/ar/news/46/%D8%A3%D8%AD%D8%B1%D8%A7%D8%B1%D8%A7%D9%84%D8%B4%D8%A7%D9%85--%D8%A8%D9%8A%D8%A7%D9%86-%D8%A8%D8%B4%D8%A3%D9%86-%D8%A5%D8%AA%D9%81%D8%A7%D9%82-%D8%A7%D9%84%D9%87%D8%AF%D9%86%D8%A9-%D9%81%D9%8A-%D8%A7%D9%84%D8%BA%D9%88%D8%B7%D8%A9-%D8%A7%D9%84%D8%B4%D8%B1%D9%82%D9%8A%D8%A9
AaS Idlib Repression Protests,     ,Statement,Ahrar al-Sham,AaS,16,3,7,,160809,http://ahraralsham.net/ar/news/35/%D8%A3%D8%AD%D8%B1%D8%A7%D8%B1%D8%A7%D9%84%D8%B4%D8%A7%D9%85--%D8%A8%D9%8A%D8%A7%D9%86-%D8%A8%D8%AE%D8%B5%D9%88%D8%B5-%D8%AD%D8%A7%D8%AF%D8%AB%D8%A9-%D9%82%D9%85%D8%B9-%D9%85%D8%B8%D8%A7%D9%87%D8%B1%D8%A7%D8%AA-%D8%A5%D8%AF%D9%84%D8%A8
AaS International Pressure on Syrian Revolution,       ,Statement,Ahrar al-Sham,AaS,16,1,25,,160809,http://ahraralsham.net/ar/news/38/%D8%A3%D8%AD%D8%B1%D8%A7%D8%B1%D8%A7%D9%84%D8%B4%D8%A7%D9%85---%D8%A8%D9%8A%D8%A7%D9%86-%D8%AD%D9%88%D9%84-%D8%A7%D9%84%D8%B6%D8%BA%D9%88%D8%B7-%D8%A7%D9%84%D8%AF%D9%88%D9%84%D9%8A%D8%A9-%D8%B9%D9%84%D9%89-%D9%82%D9%88%D9%89-%D8%A7%D9%84%D8%AB%D9%88%D8%B1%D8%A9-%D8%A7%D9%84%D8%B3%D9%88%D8%B1%D9%8A%D8%A9
AaS Istishad Zahran Alloush,        ,Statement,Ahrar al-Sham,AaS,15,12,15,,160809,http://ahraralsham.net/ar/news/40/%D8%A3%D8%AD%D8%B1%D8%A7%D8%B1%D8%A7%D9%84%D8%B4%D8%A7%D9%85---%D8%A8%D9%8A%D8%A7%D9%86-%D8%AA%D8%B9%D8%B2%D9%8A%D8%A9-%D8%A8%D8%B4%D9%87%D9%8A%D8%AF-%D8%A7%D9%84%D8%B4%D8%A7%D9%85-%D9%88%D8%BA%D9%88%D8%B7%D8%AA%D9%87%D8%A7-%D8%A7%D9%84%D9%82%D8%A7%D8%A6%D8%AF-%D9%85%D8%AD%D9%85%D8%AF-%D8%B2%D9%87%D8%B1%D8%A7%D9%86-%D8%B9%D9%84%D9%88%D8%B4
AaS Killing Syrian Civilians Turkish Border,        ,Statement,Ahrar al-Sham,AaS,16,6,19,,160809,http://ahraralsham.net/ar/news/109/%D8%A3%D8%AD%D8%B1%D8%A7%D8%B1%D8%A7%D9%84%D8%B4%D8%A7%D9%85--%D8%A8%D9%8A%D8%A7%D9%86-%D8%AD%D9%88%D9%84-%D8%AD%D8%A7%D8%AF%D8%AB%D8%A9-%D9%82%D8%AA%D9%84-%D9%85%D8%AF%D9%86%D9%8A%D9%8A%D9%86-%D8%B3%D9%88%D8%B1%D9%8A%D9%8A%D9%86-%D8%B9%D9%84%D9%89-%D8%A7%D9%84%D8%AD%D8%AF%D9%88%D8%AF-%D8%A7%D9%84%D8%AA%D8%B1%D9%83%D9%8A%D8%A9
Aas Reaction to JaN,         (388),Statement,Ahrar al-Sham,AaS,16,4,7,,160809,http://ahraralsham.net/ar/news/31/%D8%A3%D8%AD%D8%B1%D8%A7%D8%B1%D8%A7%D9%84%D8%B4%D8%A7%D9%85--%D8%A8%D9%8A%D8%A7%D9%86-%D8%AD%D9%88%D9%84-%D8%A8%D9%8A%D8%A7%D9%86-%D8%A7%D9%84%D8%A5%D8%AF%D8%A7%D8%B1%D8%A9-%D8%A7%D9%84%D8%B9%D8%A7%D9%85%D8%A9-%D9%84%D9%84%D8%AE%D8%AF%D9%85%D8%A7%D8%AA-%E2%80%9C%D8%AC%D8%A8%D9%87%D8%A9-%D8%A7%D9%84%D9%86%D8%B5%D8%B1%D8%A9%E2%80%9D-%D8%B1%D9%82%D9%85-388
AaS Turkey Ankara Attack,       ,Statement,Ahrar al-Sham,AaS,16,2,18,,160809,http://ahraralsham.net/ar/news/37/%D8%A3%D8%AD%D8%B1%D8%A7%D8%B1%D8%A7%D9%84%D8%B4%D8%A7%D9%85--%D8%A8%D9%8A%D8%A7%D9%86-%D8%AA%D8%B9%D8%B2%D9%8A%D8%A9-%D9%84%D9%84%D8%B4%D8%B9%D8%A8-%D8%A7%D9%84%D8%AA%D8%B1%D9%83%D9%8A-%D8%A8%D8%B6%D8%AD%D8%A7%D9%8A%D8%A7-%D8%AA%D9%81%D8%AC%D9%8A%D8%B1-%D8%A3%D9%86%D9%82%D8%B1%D8%A9-%D8%A7%D9%84%D8%A2%D8%AB%D9%85
AaS Turkey Istanbul Attack,      ,Statement,Ahrar al-Sham,AaS,16,1,12,,160809,http://ahraralsham.net/ar/news/39/%D8%A3%D8%AD%D8%B1%D8%A7%D8%B1%D8%A7%D9%84%D8%B4%D8%A7%D9%85---%D8%A8%D9%8A%D8%A7%D9%86-%D8%A8%D8%B4%D8%A3%D9%86-%D8%A7%D9%84%D8%AA%D9%81%D8%AC%D9%8A%D8%B1-%D8%A7%D9%84%D8%A5%D8%B1%D9%87%D8%A7%D8%A8%D9%8A-%D9%81%D9%8A-%D9%85%D8%AF%D9%8A%D9%86%D8%A9-%D8%A7%D8%B3%D8%B7%D9%86%D8%A8%D9%88%D9%84
IF Statement 2014,   . ,Statement,Ahrar al-Sham,AaS,14,1,1,,160810,https://justpaste.it/abo_rayan_statement
SIF Founding Charter,   ,Charter,Ahrar al-Sham,AaS,12,12,20,,160810,https://docs.google.com/document/d/1fACS9tltlmZDmomlB1ZtiJLZaAckWOT0yhtRwoskgIE/edit?pli=1
SIF second Anniversary,     ,Anniversary,Ahrar al-Sham,AaS,13,3,14,,160630,https://www.paldf.net/forum/showthread.php?t=1088279&page=16
160729 (AaS),,Statement,Ahrar al-Sham,AaS,16,7,29,,,
140127 (AaS),,Statement,Ahrar al-Sham,AaS,14,1,27,,,
130504 (AaS),,Statement,Ahrar al-Sham,AaS,13,5,4,,,
131212 (AaS),,Statement,Ahrar al-Sham,AaS,13,12,12,,,
160912 (AaS),,Statement,Ahrar al-Sham,AaS,16,9,12,,,
130307 (AaS),,Statement,Ahrar al-Sham,AaS,13,3,7,,,
161129 (AaS),,Statement,Ahrar al-Sham,AaS,16,11,29,,170322,https://web.telegram.org/#/im?p=@ahrar_news
151116 (AaS),,Statement,Ahrar al-Sham,AaS,15,11,16,,170322,https://web.telegram.org/#/im?p=@ahrar_news
151127 (AaS),,Statement,Ahrar al-Sham,AaS,15,11,27,,170322,https://web.telegram.org/#/im?p=@ahrar_news
170315 (AaS),    ,Statement,Ahrar al-Sham,AaS,17,3,15,,170322,http://ahraralsham.net/statement-15-3-2017/
170317 (AaS),           ,Statement,Ahrar al-Sham,AaS,17,3,17,,170322,http://ahraralsham.net/sstatement-17-3-2017/
170306 (AaS) ,     ,Statement,Ahrar al-Sham,AaS,17,3,6,,170322,http://ahraralsham.net/statement-6-3-2016/
170228 (AaS),           ,Statement,Ahrar al-Sham,AaS,17,2,28,,170322,http://ahraralsham.net/statement-28-2-2017/
170124 (AaS),,Statement,Ahrar al-Sham,AaS,17,1,24,,170322,https://web.telegram.org/#/im?p=@ahrar_news
170511 (AaS).txt,,Statement,Ahrar al-Sham,AaS,17,5,11,,,
170511b (AaS).txt,,Statement,Ahrar al-Sham,AaS,17,5,11,,,
170516 (AaS).txt,,Statement,Ahrar al-Sham,AaS,17,5,16,,,
170612 (AaS).txt,,Statement,Ahrar al-Sham,AaS,17,6,12,,,
170623 (AaS).txt,,Statement,Ahrar al-Sham,AaS,17,6,23,,,
170707a (AaS).txt,,Statement,Ahrar al-Sham,AaS,17,7,7,,,
170713 (AaS).txt,,Statement,Ahrar al-Sham,AaS,17,7,13,,,
170715 (AaS).txt,,Statement,Ahrar al-Sham,AaS,17,7,15,,,
170715a (AaS).txt,,Statement,Ahrar al-Sham,AaS,17,7,15,,,
170717 (AaS).txt,,Statement,Ahrar al-Sham,AaS,17,7,17,,,
170719 (AaS).txt,,Statement,Ahrar al-Sham,AaS,17,7,19,,,
170720 (AaS).txt,,Statement,Ahrar al-Sham,AaS,17,7,20,,,
170721 (AaS).txt,,Statement,Ahrar al-Sham,AaS,17,7,21,,,
170802 (AaS).txt,,Statement,Ahrar al-Sham,AaS,17,8,2,,,
170806 (AaS).txt,,Statement,Ahrar al-Sham,AaS,17,8,6,,,
170807 (AaS).txt,,Statement,Ahrar al-Sham,AaS,17,8,7,,,
170807b (AaS).txt,,Statement,Ahrar al-Sham,AaS,17,8,7,,,
170812 (AaS).txt,,Statement,Ahrar al-Sham,AaS,17,8,12,,,
170831 (AaS).txt,,Statement,Ahrar al-Sham,AaS,17,8,31,,,
170925 (AaS).txt,,Statement,Ahrar al-Sham,AaS,17,9,25,,,
171109 (AaS).txt,,Statement,Ahrar al-Sham,AaS,17,11,9,,,
171114 (AaS).txt,,Statement,Ahrar al-Sham,AaS,17,11,14,,,
171115 (AaS).txt,,Statement,Ahrar al-Sham,AaS,17,11,15,,,
171117 (AaS).txt,,Statement,Ahrar al-Sham,AaS,17,11,17,,,
171121 (AaS).txt,,Statement,Ahrar al-Sham,AaS,17,11,21,,,
180107 (AaS).txt,,Statement,Ahrar al-Sham,AaS,17,1,7,,,
170909 SMB,,Statement,Syrian Muslim Brotherhood,SMB,17,9,9,,200421,https://web.archive.org/web/20171128164658/http://ikhwansyria.com/2017/09/%d8%b9%d9%84%d9%89-%d8%b6%d9%88%d8%a1-%d8%a7%d9%84%d9%85%d8%b3%d8%aa%d8%ac%d8%af%d8%a7%d8%aa-%d8%aa%d8%a3%d9%83%d9%8a%d8%af%d8%a7%d8%aa-%d9%88%d8%a7%d9%84%d8%aa%d8%b2%d8%a7%d9%85%d8%a7%d8%aa/
170916 SMB,,Statement,Syrian Muslim Brotherhood,SMB,17,9,16,,200421,https://web.archive.org/web/20171128164648/http://ikhwansyria.com/2017/09/%d9%85%d8%ad%d8%a7%d9%81%d8%b8%d8%a9-%d8%af%d9%8a%d8%b1-%d8%a7%d9%84%d8%b2%d9%88%d8%b1-%d8%aa%d9%8f%d8%a8%d8%a7%d8%af-%d9%88%d8%a7%d9%84%d8%b5%d9%85%d8%aa-%d9%8a%d9%84%d9%81-%d8%a7%d9%84%d8%ac%d9%85/
170922 SMB,,Statement,Syrian Muslim Brotherhood,SMB,17,9,22,,200421,https://web.archive.org/web/20171201163046/http://ikhwansyria.com/2017/09/%D8%AC%D9%85%D8%A7%D8%B9%D8%A9-%D8%A7%D9%84%D8%A5%D8%AE%D9%88%D8%A7%D9%86-%D8%A7%D9%84%D9%85%D8%B3%D9%84%D9%85%D9%8A%D9%86-%D9%81%D9%8A-%D8%B3%D9%88%D8%B1%D9%8A%D8%A9-%D8%AA%D9%86%D8%B9%D9%89-%D8%A7-5/
170925 SMB,,Statement,Syrian Muslim Brotherhood,SMB,17,9,25,,200421,https://web.archive.org/web/20171128164328/http://ikhwansyria.com/2017/09/%d8%aa%d8%b5%d8%b9%d9%8a%d8%af-%d8%af%d9%85%d9%88%d9%8a-%d8%aa%d8%ad%d8%aa-%d9%85%d8%b8%d9%84%d8%a9-%d8%a7%d8%aa%d9%81%d8%a7%d9%82%d9%8a%d8%a7%d8%aa-%d8%ae%d9%81%d8%b6-%d8%a7%d9%84%d8%aa%d9%88%d8%aa/
171002 SMB,,Statement,Syrian Muslim Brotherhood,SMB,17,10,2,,200421,https://web.archive.org/web/20171128164320/http://ikhwansyria.com/2017/10/%d8%aa%d8%b9%d9%84%d9%8a%d9%82%d8%a7%d9%8b-%d8%b9%d9%84%d9%89-%d9%85%d8%a7-%d8%aa%d8%af%d8%a7%d9%88%d9%84%d8%aa%d9%87-%d8%a8%d8%b9%d8%b6-%d9%88%d8%b3%d8%a7%d8%a6%d9%84-%d8%a7%d9%84%d8%a5%d8%b9%d9%84/
171007 SMB,,Statement,Syrian Muslim Brotherhood,SMB,17,10,7,,200421,https://web.archive.org/web/20171205022239/http://ikhwansyria.com/2017/10/%D8%A8%D9%8A%D8%A7%D9%86-%D9%85%D8%AC%D9%84%D8%B3-%D8%B4%D9%88%D8%B1%D9%89-%D8%AC%D9%85%D8%A7%D8%B9%D8%A9-%D8%A7%D9%84%D8%A5%D8%AE%D9%88%D8%A7%D9%86-%D8%A7%D9%84%D9%85%D8%B3%D9%84%D9%85%D9%8A%D9%86/
171103 SMB,,Statement,Syrian Muslim Brotherhood,SMB,17,11,3,,200421,https://web.archive.org/web/20171128164137/http://ikhwansyria.com/2017/11/%d9%85%d8%a4%d8%aa%d9%85%d8%b1-%d8%b3%d9%88%d8%aa%d8%b4%d9%8a-%d8%aa%d8%ad%d8%aa-%d8%b1%d8%b9%d8%a7%d9%8a%d8%a9-%d8%a7%d9%84%d8%a7%d8%ad%d8%aa%d9%84%d8%a7%d9%84-%d8%a7%d9%84%d8%b1%d9%88%d8%b3%d9%8a/
171120 SMB,,Statement,Syrian Muslim Brotherhood,SMB,17,11,20,,200421,https://web.archive.org/web/20171208101959/http://ikhwansyria.com/2017/11/%d8%a7%d9%84%d9%85%d9%88%d9%82%d9%81-%d9%85%d9%86-%d8%a7%d8%ac%d8%aa%d9%85%d8%a7%d8%b9-%d8%a7%d9%84%d9%85%d8%b9%d8%a7%d8%b1%d8%b6%d8%a9-%d9%81%d9%8a-%d8%a7%d9%84%d8%b1%d9%8a%d8%a7%d8%b6%e2%80%8f/
171227 SMB,,Statement,Syrian Muslim Brotherhood,SMB,17,12,27,,200421,https://web.archive.org/web/20180710200411/https://ikhwansyria.com/%D8%A7%D9%84%D8%B1%D9%88%D8%B3-%D9%85%D8%AD%D8%AA%D9%84%D9%88%D9%86-%D9%88%D9%84%D9%8A%D8%B3%D9%88%D8%A7-%D9%88%D8%B3%D8%B7%D8%A7%D8%A1-%D9%88%D8%B3%D9%88%D8%AA%D8%B4%D9%8A-%D9%84%D9%8A%D8%B3%D8%AA/
171229 SMB,,Statement,Syrian Muslim Brotherhood,SMB,17,12,29,,200421,https://web.archive.org/web/20180710201549/https://ikhwansyria.com/%D8%AA%D9%88%D8%B6%D9%8A%D8%AD-%D9%84%D9%88%D8%B3%D8%A7%D8%A6%D9%84-%D8%A7%D9%84%D8%A5%D8%B9%D9%84%D8%A7%D9%85/
180124 SMB,,Statement,Syrian Muslim Brotherhood,SMB,18,1,24,,200421,https://web.archive.org/web/20180710193640/https://ikhwansyria.com/%D8%A7%D9%84%D9%85%D9%88%D9%82%D9%81-%D9%85%D9%86-%D8%B9%D9%85%D9%84%D9%8A%D8%A9-%D8%BA%D8%B5%D9%86-%D8%A7%D9%84%D8%B2%D9%8A%D8%AA%D9%88%D9%86-%D8%A7%D9%84%D8%AC%D8%A7%D8%B1%D9%8A/
180202 SMB,,Statement,Syrian Muslim Brotherhood,SMB,18,2,2,,200421,https://web.archive.org/web/20180710201509/https://ikhwansyria.com/%D8%A7%D9%84%D9%85%D9%88%D9%82%D9%81-%D9%85%D9%86-%D9%85%D8%AE%D8%B1%D8%AC%D8%A7%D8%AA-%D8%B3%D9%88%D8%AA%D8%B4%D9%8A/
180207 SMB,,Statement,Syrian Muslim Brotherhood,SMB,18,2,7,,200421,https://web.archive.org/web/20180710194732/https://ikhwansyria.com/%D8%B9%D8%AC%D8%B2-%D8%AF%D9%88%D9%84%D9%8A-%D9%88%D8%A7%D8%B6%D8%AD-%D9%81%D9%8A-%D8%B1%D8%AF%D8%B9-%D8%A5%D8%B1%D9%87%D8%A7%D8%A8-%D8%B1%D9%88%D8%B3%D9%8A%D8%A7-%D9%88%D8%A7%D9%84%D8%A3%D8%B3%D8%AF/
180222 SMB,,Statement,Syrian Muslim Brotherhood,SMB,18,2,22,,200421,https://web.archive.org/web/20180710200146/https://ikhwansyria.com/%D8%A7%D9%84%D8%AD%D9%84-%D8%A7%D9%84%D8%B3%D9%8A%D8%A7%D8%B3%D9%8A-%D9%8A%D8%AA%D9%85-%D8%AF%D9%81%D9%86%D9%87-%D8%AA%D8%AD%D8%AA-%D8%B1%D9%83%D8%A7%D9%85-%D8%A7%D9%84%D8%A8%D9%8A%D9%88%D8%AA-%D9%88/
180415 SMB,,Statement,Syrian Muslim Brotherhood,SMB,18,4,15,,200421,https://web.archive.org/web/20180710194533/https://ikhwansyria.com/%D8%A8%D9%8A%D8%A7%D9%86-%D9%85%D8%AC%D9%84%D8%B3-%D8%B4%D9%88%D8%B1%D9%89-%D8%AC%D9%85%D8%A7%D8%B9%D8%A9-%D8%A7%D9%84%D8%A5%D8%AE%D9%88%D8%A7%D9%86-%D8%A7%D9%84%D9%85%D8%B3%D9%84%D9%85%D9%8A%D9%86/
180515 SMB,,Statement,Syrian Muslim Brotherhood,SMB,18,5,15,,200421,https://web.archive.org/web/20180710200224/https://ikhwansyria.com/%D9%81%D9%8A-%D8%A7%D9%84%D8%B0%D9%83%D8%B1%D9%89-%D8%A7%D9%84%D8%B3%D8%A8%D8%B9%D9%8A%D9%86-%D9%84%D8%A3%D9%85-%D8%A7%D9%84%D9%86%D9%83%D8%A8%D8%A7%D8%AA-%D8%A7%D9%84%D8%BA%D8%B7%D8%B1%D8%B3%D8%A9/
180614 SMB,,Statement,Syrian Muslim Brotherhood,SMB,18,6,14,,200421,https://web.archive.org/web/20180704132135/https://ikhwansyria.com/%d8%aa%d9%88%d8%b6%d9%8a%d8%ad%d8%a7%d9%8b-%d9%84%d9%85%d8%a7-%d8%aa%d9%86%d8%a7%d9%82%d9%84%d8%aa%d9%87-%d9%88%d8%b3%d8%a7%d8%a6%d9%84-%d8%a5%d8%b9%d9%84%d8%a7%d9%85-%d8%ad%d9%88%d9%84-%d9%85%d9%88/
180626 SMB,,Statement,Syrian Muslim Brotherhood,SMB,18,6,26,,200421,https://web.archive.org/web/20180704132700/https://ikhwansyria.com/%d8%a7%d8%aa%d9%81%d8%a7%d9%82%d9%8a%d8%a9-%d8%ae%d9%81%d8%b6-%d8%a7%d9%84%d8%aa%d8%b5%d8%b9%d9%8a%d8%af-%d8%aa%d8%b7%d8%b9%d9%86-%d8%af%d8%b1%d8%b9%d8%a7-%d9%81%d9%8a-%d8%b8%d9%87%d8%b1%d9%87%d8%a7/
180726 SMB,,Statement,Syrian Muslim Brotherhood,SMB,18,7,26,,200421,https://web.archive.org/web/20190105233013/https://ikhwansyria.com/%d8%ac%d9%85%d8%a7%d8%b9%d8%a9-%d8%a7%d9%84%d8%a5%d8%ae%d9%88%d8%a7%d9%86-%d8%a7%d9%84%d9%85%d8%b3%d9%84%d9%85%d9%8a%d9%86-%d9%81%d9%8a-%d8%b3%d9%88%d8%b1%d9%8a%d8%a9-%d8%aa%d8%af%d9%8a%d9%86-%d8%a7/
180728 SMB,,Statement,Syrian Muslim Brotherhood,SMB,18,7,28,,200421,https://web.archive.org/web/20190105224011/https://ikhwansyria.com/%d8%a7%d9%84%d9%85%d9%88%d9%82%d9%81-%d9%85%d9%86-%d8%a7%d9%84%d9%84%d8%ac%d9%86%d8%a9-%d8%a7%d9%84%d8%af%d8%b3%d8%aa%d9%88%d8%b1%d9%8a%d8%a9/
180729 SMB,,Statement,Syrian Muslim Brotherhood,SMB,18,7,29,,200421,https://web.archive.org/web/20190106011232/https://ikhwansyria.com/%d8%a7%d9%84%d8%a3%d8%b3%d8%af-%d9%8a%d8%ad%d9%88%d9%84-%d8%b3%d9%88%d8%b1%d9%8a%d8%a9-%d8%a5%d9%84%d9%89-%d8%a3%d9%83%d8%a8%d8%b1-%d9%85%d8%b3%d9%84%d8%ae-%d8%a8%d8%b4%d8%b1%d9%8a-%d9%81%d9%8a-%d8%a7/
180831 SMB,,Statement,Syrian Muslim Brotherhood,SMB,18,8,31,,200421,https://web.archive.org/web/20180831155746/https://ikhwansyria.com/%d8%ad%d9%88%d9%84-%d8%aa%d8%b5%d8%b1%d9%8a%d8%ad%d8%a7%d8%aa-%d8%a7%d9%84%d9%85%d8%a8%d8%b9%d9%88%d8%ab-%d8%a7%d9%84%d8%af%d9%88%d9%84%d9%8a-%d8%af%d9%8a%d9%85%d8%b3%d8%aa%d9%88%d8%b1%d8%a7-%d8%a8/
181229 SMB,,Statement,Syrian Muslim Brotherhood,SMB,18,12,29,,200421,https://web.archive.org/web/20181229222838/https://ikhwansyria.com/%d8%ad%d9%88%d9%84-%d8%a7%d9%84%d9%85%d9%88%d9%82%d9%81-%d9%85%d9%86-%d8%a5%d8%b9%d8%a7%d8%af%d8%a9-%d9%81%d8%aa%d8%ad-%d8%a7%d9%84%d8%b3%d9%81%d8%a7%d8%b1%d8%a7%d8%aa-%d9%84%d8%af%d9%89-%d9%86%d8%b8/
190105 SMB,,Statement,Syrian Muslim Brotherhood,SMB,19,1,5,,200421,
190506 SMB,,Statement,Syrian Muslim Brotherhood,SMB,19,5,6,,200421,https://ikhwansyria.com/%d8%a8%d9%8a%d8%a7%d9%86-%d8%a8%d8%ae%d8%b5%d9%88%d8%b5-%d8%a7%d9%84%d8%b9%d8%af%d9%88%d8%a7%d9%86-%d8%a7%d9%84%d9%87%d9%85%d8%ac%d9%8a-%d8%b9%d9%84%d9%89-%d8%b1%d9%8a%d9%81%d9%8a-%d8%a5%d8%af%d9%84/
190720 SMB,,Statement,Syrian Muslim Brotherhood,SMB,19,7,20,,200421,https://ikhwansyria.com/%d8%ac%d9%85%d8%a7%d8%b9%d8%a9-%d8%a7%d9%84%d8%a5%d8%ae%d9%88%d8%a7%d9%86-%d8%a7%d9%84%d9%85%d8%b3%d9%84%d9%85%d9%8a%d9%86-%d9%81%d9%8a-%d8%b3%d9%88%d8%b1%d9%8a%d8%a9-%d8%aa%d8%b3%d8%aa%d9%86%d9%83/
190910 SMB,,Statement,Syrian Muslim Brotherhood,SMB,19,9,10,,200421,https://ikhwansyria.com/%d8%a8%d9%8a%d8%a7%d9%86-%d9%85%d8%ac%d9%84%d8%b3-%d8%a7%d9%84%d8%b4%d9%88%d8%b1%d9%89-%d9%84%d8%ac%d9%85%d8%a7%d8%b9%d8%a9-%d8%a7%d9%84%d8%a5%d8%ae%d9%88%d8%a7%d9%86-%d8%a7%d9%84%d9%85%d8%b3%d9%84/
190920 SMB,,Statement,Syrian Muslim Brotherhood,SMB,19,9,20,,200421,https://ikhwansyria.com/%d8%ad%d9%88%d9%84-%d8%a7%d9%84%d9%87%d8%ac%d9%88%d9%85-%d8%a7%d9%84%d8%a5%d8%b1%d9%87%d8%a7%d8%a8%d9%8a-%d8%b9%d9%84%d9%89-%d8%b4%d8%b1%d9%83%d8%a9-%d8%a3%d8%b1%d8%a7%d9%85%d9%83%d9%88-%d8%a7%d9%84/
190925 SMB,,Statement,Syrian Muslim Brotherhood,SMB,19,9,25,,200421,https://ikhwansyria.com/%d8%a7%d9%84%d9%85%d9%88%d9%82%d9%81-%d9%85%d9%86-%d8%a7%d9%84%d8%a5%d8%b9%d9%84%d8%a7%d9%86-%d8%b9%d9%86-%d8%aa%d8%b4%d9%83%d9%8a%d9%84-%d8%a7%d9%84%d9%84%d8%ac%d9%86%d8%a9-%d8%a7%d9%84%d8%af%d8%b3/
191010 SMB,,Statement,Syrian Muslim Brotherhood,SMB,19,10,10,,200421,https://ikhwansyria.com/%d8%ad%d9%88%d9%84-%d8%a7%d9%86%d8%b7%d9%84%d8%a7%d9%82-%d8%b9%d9%85%d9%84%d9%8a%d8%a9-%d9%86%d8%a8%d8%b9-%d8%a7%d9%84%d8%b3%d9%84%d8%a7%d9%85-%d9%81%d9%8a-%d8%b4%d8%b1%d9%82-%d8%a7%d9%84%d9%81/
191121 SMB,,Statement,Syrian Muslim Brotherhood,SMB,19,11,21,,200421,https://ikhwansyria.com/%d8%ad%d9%88%d9%84-%d8%ac%d8%b1%d9%8a%d9%85%d8%a9-%d8%a7%d9%84%d8%ad%d8%b1%d8%a8-%d8%a7%d9%84%d8%aa%d9%8a-%d8%a7%d8%b1%d8%aa%d9%83%d8%a8%d9%87%d8%a7-%d8%a7%d9%84%d9%85%d8%ac%d8%b1%d9%85%d9%88%d9%86/
191122 SMB,,Statement,Syrian Muslim Brotherhood,SMB,19,11,22,,200421,https://ikhwansyria.com/%d9%85%d9%88%d9%82%d9%81%d9%86%d8%a7-%d9%85%d9%86-%d8%a7%d9%84%d9%86%d8%b8%d8%a7%d9%85-%d8%a7%d9%84%d8%a5%d9%8a%d8%b1%d8%a7%d9%86%d9%8a-%d8%a7%d9%84%d9%85%d8%ad%d8%aa%d9%84-%d9%84%d8%b3%d9%88%d8%b1/
200103 MB,,Statement,Syrian Muslim Brotherhood,SMB,20,1,3,,200421,https://ikhwansyria.com/%d8%a8%d9%8a%d8%a7%d9%86-%d8%a8%d8%ae%d8%b5%d9%88%d8%b5-%d9%85%d9%82%d8%aa%d9%84-%d8%a7%d9%84%d9%85%d8%ac%d8%b1%d9%85-%d8%b3%d9%84%d9%8a%d9%85%d8%a7%d9%86%d9%8a-%d9%88%d9%8a%d8%b4%d9%81%d9%90-%d8%b5/
200119 MB,,Statement,Syrian Muslim Brotherhood,SMB,20,1,19,,200421,https://ikhwansyria.com/%d8%aa%d8%b5%d9%86%d9%8a%d9%81-%d8%ad%d8%b2%d8%a8-%d8%a7%d9%84%d9%84%d9%87-%d9%85%d9%86%d8%b8%d9%85%d8%a9-%d8%a5%d8%b1%d9%87%d8%a7%d8%a8%d9%8a%d8%a9-%d9%81%d9%8a-%d8%a8%d8%b1%d9%8a%d8%b7%d8%a7/
200126 MB,,Statement,Syrian Muslim Brotherhood,SMB,20,1,26,,200421,https://ikhwansyria.com/%d8%aa%d8%b9%d8%b2%d9%8a%d8%a9-%d8%a8%d8%b6%d8%ad%d8%a7%d9%8a%d8%a7-%d8%a7%d9%84%d8%b2%d9%84%d8%b2%d8%a7%d9%84-%d9%81%d9%8a-%d8%aa%d8%b1%d9%83%d9%8a%d8%a9/
200129 SMB,,Statement,Syrian Muslim Brotherhood,SMB,20,1,29,,200421,https://ikhwansyria.com/%d8%ab%d8%a7%d9%84%d9%88%d8%ab-%d8%a7%d9%84%d8%b4%d8%b1-%d9%8a%d8%b3%d8%b9%d9%89-%d9%84%d8%a5%d8%a8%d8%a7%d8%af%d8%a9-%d8%b4%d8%b9%d8%a8%d9%86%d8%a7-%d9%81%d9%8a-%d8%ad%d9%84%d8%a8-%d9%88%d8%a5%d8%af/
200131 SMB,,Statement,Syrian Muslim Brotherhood,SMB,20,1,31,,200421,https://ikhwansyria.com/%d8%b5%d9%81%d9%82%d8%a9-%d8%a7%d9%84%d9%82%d8%b1%d9%86-%d8%ad%d9%82%d9%8a%d9%82%d8%a9-%d9%88%d9%85%d9%88%d9%82%d9%81/
200202 SMB,,Statement,Syrian Muslim Brotherhood,SMB,20,2,2,,200421,https://ikhwansyria.com/%d9%81%d9%8a-%d8%a7%d9%84%d8%b0%d9%83%d8%b1%d9%89-%d8%a7%d9%84%d8%ab%d8%a7%d9%85%d9%86%d8%a9-%d9%88%d8%a7%d9%84%d8%ab%d9%84%d8%a7%d8%ab%d9%8a%d9%86-%d9%84%d9%85%d8%ac%d8%b2%d8%b1%d8%a9-%d8%ad%d9%85/
200228 SMB,,Statement,Syrian Muslim Brotherhood,SMB,20,2,28,,200421,https://ikhwansyria.com/%d8%aa%d8%b9%d8%b2%d9%8a%d8%a9-%d9%81%d9%8a-%d8%b4%d9%87%d8%af%d8%a7%d8%a1-%d8%a7%d9%84%d8%ac%d9%8a%d8%b4-%d8%a7%d9%84%d8%aa%d8%b1%d9%83%d9%8a/
200311 SMB,,Statement,Syrian Muslim Brotherhood,SMB,20,3,11,,200421,https://ikhwansyria.com/%d8%a7%d9%84%d8%ab%d9%88%d8%b1%d8%a9-%d9%85%d8%b3%d8%aa%d9%85%d8%b1%d8%a9/
200325 SMB,,Statement,Syrian Muslim Brotherhood,SMB,20,3,25,,200421,https://ikhwansyria.com/%d9%85%d9%88%d8%a7%d8%ac%d9%87%d8%a9-%d8%a7%d9%84%d9%88%d8%a8%d8%a7%d8%a1-%d8%a3%d9%88%d9%84%d9%88%d9%8a%d8%a9-%d8%a7%d9%84%d8%a3%d9%88%d9%84%d9%88%d9%8a%d8%a7%d8%aa-%d8%a8%d8%a7%d9%84%d9%86%d8%b3/
150606 (AaS),To do,Statement,Ahrar al-Sham,AaS,15,6,6,,,https://eldorar.org/sites/default/files/u6650/byn_1.jpg
170118 AaS,To do,Statement,Ahrar al-Sham,AaS,17,1,18,,,https://eldorar.com/sites/default/files/u3678/byn_lhrk.jpg
141214 (AaS),To do,Statement,Ahrar al-Sham,AaS,14,12,14,,,http://mediainstitution.blogspot.com/2014/12/14122014.html
170306 (AaS),To do,Statement,Ahrar al-Sham,AaS,17,3,6,,,Eldorar.org
170312 HTS,To do,Statement,Hayat Tahrir al-Sham,HTS,17,3,12,,,Eldorar.org
180315 HTS,To do,Statement,Hayat Tahrir al-Sham,HTS,18,3,15,,,Eldorar.org
180601 HTS,To do,Statement,Hayat Tahrir al-Sham,HTS,18,6,1,,,Eldorar.org
180608 HTS,To do,Statement,Hayat Tahrir al-Sham,HTS,18,6,8,,,https://eldorar.org/node/122860
180706 HTS,To do,Statement,Hayat Tahrir al-Sham,HTS,18,7,6,,,Eldorar.org
181014 HTS,To do,Statement,Hayat Tahrir al-Sham,HTS,18,10,14,,,Eldorar.org
181030 HTS,To do,Statement,Hayat Tahrir al-Sham,HTS,18,10,30,,,Eldorar.org
190101 HTS,To do,Statement,Hayat Tahrir al-Sham,HTS,19,1,1,,,https://eldorar.org/node/129783
190609 HTS,To do,Statement,Hayat Tahrir al-Sham,HTS,19,6,9,,,ebaa.news
191223 HTS,To do,Statement,Hayat Tahrir al-Sham,HTS,19,12,23,,,ebaa.news
200228 HTS,To do,Statement,Hayat Tahrir al-Sham,HTS,20,2,28,,,ebaa.news
200307 HTS,To do,Statement,Hayat Tahrir al-Sham,HTS,20,3,7,,,ebaa.news
120520 NF,,Statement,Nusra Front,NF,12,5,20,,200422,http://www.souriabaladi.com/%D8%B7%D8%A8%D8%A7%D8%B9%D8%A9.html&pid=1028
150504 NF,,Statement,Nusra Front,NF,15,5,4,,200422,https://eldorar.com/node/75725
150715 NF,,Statement,Nusra Front,NF,15,7,15,,200422,https://pbs.twimg.com/media/CJ9nPNsW8AE2Znh.jpg
150809 NF,,Statement,Nusra Front,NF,15,8,9,,200422,https://eldorar.com/node/83387
151226 NF,,Statement,Nusra Front,NF,15,12,26,,200422,https://www.google.com/url?sa=i&url=https%3A%2F%2Ftwitter.com%2Fmuslim2day%2Fstatus%2F680766377251221504&psig=AOvVaw1FCyfuHGRoZxH8UtDvq6qd&ust=1587655254900000&source=images&cd=vfe&ved=0CAIQjRxqFwoTCJiQ-fiq_OgCFQAAAAAdAAAAABAO
160312 NF,,Statement,Nusra Front,NF,16,3,12,,200422,https://eldorar.com/node/95662
160709 NF,,Statement,Nusra Front,NF,16,7,9,,200422,https://eldorar.com/node/100231
160709 JFS,,Statement,Jabhat Fateh al-Sham,JFS,16,7,9,,200422,https://eldorar.com/node/101048
160923 JFS,,Statement,Jabhat Fateh al-Sham,JFS,16,9,23,,200422,https://eldorar.com/node/103334
170123 JFS (A),,Statement,Jabhat Fateh al-Sham,JFS,17,1,23,,200422,https://eldorar.org/sites/default/files/u3678/hr.jpg
170123 JFS (B),,Statement,Jabhat Fateh al-Sham,JFS,17,1,23,,200422,https://eldorar.com/sites/default/files/u3678/byn_hqyr.jpg
170128 JFS,,Statement,Jabhat Fateh al-Sham,JFS,17,1,28,,200422,https://eldorar.org/sites/default/files/u3678/photo_2017-01-28_13-56-24.jpg
180220 NFL,To do,Statement,National Front for Liberation,NFL,18,2,20,,200422,telegram
180223 NFL,To do,Statement,National Front for Liberation,NFL,18,2,23,,200422,telegram
180224 NFL,To do,Statement,National Front for Liberation,NFL,18,2,24,,200422,telegram
180224(a) NFL,To do,Statement,National Front for Liberation,NFL,18,2,24,,200422,telegram
180225 NFL,To do,Statement,National Front for Liberation,NFL,18,2,25,,200422,telegram
180225(b) NFL,To do,Statement,National Front for Liberation,NFL,18,2,25,,200422,telegram
180227 NFL,To do,Statement,National Front for Liberation,NFL,18,2,27,,200422,telegram
180228 NFL,To do,Statement,National Front for Liberation,NFL,18,2,28,,200422,telegram
180303 NFL,To do,Statement,National Front for Liberation,NFL,18,3,3,,200422,telegram
180306 NFL,To do,Statement,National Front for Liberation,NFL,18,3,6,,200422,telegram
180311 NFL,To do,Statement,National Front for Liberation,NFL,18,3,11,,200422,telegram
180322 NFL,To do,Statement,National Front for Liberation,NFL,18,3,22,,200422,telegram
180324 NFL,To do,Statement,National Front for Liberation,NFL,18,3,24,,200422,telegram
180403 NFL,To do,Statement,National Front for Liberation,NFL,18,4,3,,200422,telegram
180408 NFL,To do,Statement,National Front for Liberation,NFL,18,4,8,,200422,telegram
180415 SLF NFL,To do,Statement,National Front for Liberation,NFL,18,4,15,,200422,telegram
180501 NFL,To do,Statement,National Front for Liberation,NFL,18,5,1,,200422,telegram
180821 NFL,To do,Statement,National Front for Liberation,NFL,18,8,21,,200422,telegram
180822 NFL,To do,Statement,National Front for Liberation,NFL,18,8,22,,200422,telegram
180829 NFL,To do,Statement,National Front for Liberation,NFL,18,8,29,,200422,telegram
180901 SLF NFL,To do,Statement,National Front for Liberation,NFL,18,9,1,,200422,telegram
181030 NFL,To do,Statement,National Front for Liberation,NFL,18,10,30,,200422,telegram
190101 NFL,To do,Statement,National Front for Liberation,NFL,19,1,1,,200422,telegram
190102 (b) NFL,To do,Statement,National Front for Liberation,NFL,19,1,2,,200422,telegram
190102 NFL,To do,Statement,National Front for Liberation,NFL,19,1,2,,200422,telegram
190802 NFL,To do,Statement,National Front for Liberation,NFL,19,8,2,,200422,telegram
190821 NFL,To do,Statement,National Front for Liberation,NFL,19,8,21,,200422,telegram
190802 HTS (1),Only Raw file for now. Needs to be processed. ,Statement,Hayat Tahrir al-Sham,HTS,19,8,2,,210210,telegram
190802 HTS (2),Only Raw file for now. Needs to be processed. ,Statement,Hayat Tahrir al-Sham,HTS,19,8,2,,210210,telegram
200403 HTS,Only Raw file for now. Needs to be processed. ,Statement,Hayat Tahrir al-Sham,HTS,20,4,3,,210210,telegram
200709 HTS (1),Only Raw file for now. Needs to be processed. ,Statement,Hayat Tahrir al-Sham,HTS,20,7,9,,210210,telegram
200709 HTS (2),Only Raw file for now. Needs to be processed. ,Statement,Hayat Tahrir al-Sham,HTS,20,7,9,,210210,telegram
201026 HTS,Only Raw file for now. Needs to be processed. ,Statement,Hayat Tahrir al-Sham,HTS,20,10,26,,210210,telegram
210123 HTS ,Only Raw file for now. Needs to be processed. ,Statement,Hayat Tahrir al-Sham,HTS,21,1,23,,210210,jihadology.net
210203 HTS,Only Raw file for now. Needs to be processed. ,Statement,Hayat Tahrir al-Sham,HTS,21,2,3,,210210,jihadology.net
210210 HTS,Only Raw file for now. Needs to be processed. ,Statement,Hayat Tahrir al-Sham,HTS,21,2,10,,210210,telegram
